Formula,Fe,Co,Ni,Al,Ti,UTS_MPa,YS_MPa,Elongation_pct,HV,T_test_C,Test_Type,Phase,DOI,IsTensile
Al0.3 Co1 Cr1 Fe1 Ni1,23.26,23.26,23.26,6.98,0.0,1074.0,900.0,25.0,,25.0,T,FCC+B2+Sec.,10.1016/j.scriptamat.2018.08.048,1
Al0.304 Co1 Cr1 Fe1 Ni1,23.23,23.23,23.23,7.06,0.0,1050.0,860.0,48.0,,25.0,T,FCC+B2,10.1016/j.matlet.2017.04.072,1
Al0.304 Co1 Cr1 Fe1 Ni1,23.23,23.23,23.23,7.06,0.0,930.0,690.0,51.0,,25.0,T,FCC+B2,10.1016/j.matlet.2017.04.072,1
Al0.304 Co1 Cr1 Fe1 Ni1,23.23,23.23,23.23,7.06,0.0,800.0,550.0,64.0,,25.0,T,FCC+B2,10.1016/j.matlet.2017.04.072,1
Al0.304 Co1 Cr1 Fe1 Ni1,23.23,23.23,23.23,7.06,0.0,620.0,260.0,87.0,,25.0,T,FCC,10.1016/j.matlet.2017.04.072,1
Al0.304 Co1 Cr1 Fe1 Ni1,23.23,23.23,23.23,7.06,0.0,410.0,159.0,65.0,,25.0,T,FCC,10.1016/j.matdes.2017.02.072,1
Al0.304 Co1 Cr1 Fe1 Ni1,23.23,23.23,23.23,7.06,0.0,520.0,215.0,43.0,,25.0,T,FCC+B2,10.1016/j.matdes.2017.02.072,1
Al0.304 Co1 Cr1 Fe1 Ni1,23.23,23.23,23.23,7.06,0.0,540.0,285.0,55.0,,25.0,T,FCC+L12,10.1016/j.matdes.2017.02.072,1
Al0.304 Co1 Cr1 Fe1 Ni1,23.23,23.23,23.23,7.06,0.0,589.0,263.0,60.0,,25.0,T,FCC,10.1016/j.matdes.2017.02.072,1
Al0.304 Co1 Cr1 Fe1 Ni1,23.23,23.23,23.23,7.06,0.0,840.0,490.0,45.0,,25.0,T,FCC+L12+B2,10.1016/j.matdes.2017.02.072,1
Al0.304 Co1 Cr1 Fe1 Ni1,23.23,23.23,23.23,7.06,0.0,335.0,175.0,58.0,,25.0,T,FCC+L12,10.1016/j.jallcom.2008.12.088,1
Al0.304 Co1 Cr1 Fe1 Ni1,23.23,23.23,23.23,7.06,0.0,525.0,305.0,44.0,,25.0,T,FCC+L12,10.1016/j.jallcom.2008.12.088,1
Al0.304 Co1 Cr1 Fe1 Ni1,23.23,23.23,23.23,7.06,0.0,570.0,280.0,44.0,,25.0,T,FCC+B2,10.1016/j.jallcom.2008.12.088,1
Al1 Co1 Cr1 Fe1 Ni1,20.0,20.0,20.0,20.0,0.0,400.0,395.0,1.0,,700.0,T,BCC+B2,10.1016/j.msea.2015.08.078,1
Al1 Co1 Cr1 Fe1 Ni1,20.0,20.0,20.0,20.0,0.0,935.0,900.0,0.8,,25.0,T,FCC+BCC,10.1016/j.jallcom.2017.03.307,1
Al0.515 Cr0.515 Fe1 Ni1,33.0,0.0,33.0,17.0,0.0,1437.0,796.0,15.7,,25.0,T,FCC+BCC+B2,10.1016/j.matlet.2016.01.096,1
Al0.511 Co0.511 Cr0.511 Fe0.511 Ni1,16.79,16.79,32.85,16.79,0.0,1030.0,545.0,16.5,,25.0,T,L12+B2,10.1016/j.actamat.2016.11.016,1
Al0.465 Co0.465 Cr0.465 Fe0.465 Ni1,16.26,16.26,34.97,16.26,0.0,1050.0,545.0,16.5,,25.0,T,L12+B2,10.1016/j.actamat.2016.11.016,1
Al0.451 Co0.451 Cr0.451 Fe0.451 Ni1,16.08,16.08,35.66,16.08,0.0,1110.0,545.0,20.0,,25.0,T,L12+B2,10.1016/j.actamat.2016.11.016,1
Al0.511 Co0.511 Cr0.511 Fe0.511 Ni1,16.79,16.79,32.85,16.79,0.0,1034.0,580.0,10.5,,-70.0,T,,10.1016/j.actamat.2016.11.016,1
Al0.465 Co0.465 Cr0.465 Fe0.465 Ni1,16.26,16.26,34.97,16.26,0.0,1168.0,595.0,15.8,,-70.0,T,,10.1016/j.actamat.2016.11.016,1
Al0.451 Co0.451 Cr0.451 Fe0.451 Ni1,16.08,16.08,35.66,16.08,0.0,1143.0,570.0,18.0,,-70.0,T,,10.1016/j.actamat.2016.11.016,1
Al0.511 Co0.511 Cr0.511 Fe0.511 Ni1,16.79,16.79,32.85,16.79,0.0,1000.0,700.0,4.0,,-192.0,T,,10.1016/j.actamat.2016.11.016,1
Al0.465 Co0.465 Cr0.465 Fe0.465 Ni1,16.26,16.26,34.97,16.26,0.0,1000.0,700.0,7.0,,-192.0,T,,10.1016/j.actamat.2016.11.016,1
Al0.451 Co0.451 Cr0.451 Fe0.451 Ni1,16.08,16.08,35.66,16.08,0.0,1000.0,700.0,9.0,,-192.0,T,,10.1016/j.actamat.2016.11.016,1
Al0.343 Co0.514 Cr0.514 Fe1 Ni0.514,34.66,17.82,17.82,11.89,0.0,1223.0,866.0,7.9,,25.0,T,BCC+B2,10.1016/j.scriptamat.2016.04.014,1
Al0.343 Co0.514 Cr0.514 Fe1 Ni0.514,34.66,17.82,17.82,11.89,0.0,468.0,400.0,6.3,,650.0,T,,10.1016/j.scriptamat.2016.04.014,1
Al0.343 Co0.514 Cr0.514 Fe1 Ni0.514,34.66,17.82,17.82,11.89,0.0,340.0,220.0,5.4,,700.0,T,,10.1016/j.scriptamat.2016.04.014,1
Al0.167 Co1 Cr1 Fe1 Ni1 Ti0.083,23.53,23.53,23.53,3.93,1.95,503.0,210.0,70.0,,25.0,T,FCC,10.1016/j.actamat.2015.08.076,1
Al0.167 Co1 Cr1 Fe1 Ni1 Ti0.083,23.53,23.53,23.53,3.93,1.95,1094.0,645.0,39.0,,25.0,T,FCC+L12+Sec.,10.1016/j.actamat.2015.08.076,1
Al0.167 Co1 Cr1 Fe1 Ni1 Ti0.083,23.53,23.53,23.53,3.93,1.95,1273.0,1005.0,17.0,,25.0,T,FCC+L12+Sec.,10.1016/j.actamat.2015.08.076,1
Al0.278 Co0.694 Cr0.222 Fe0.417 Ni1 Ti0.167,15.01,24.98,36.0,10.01,6.01,786.0,568.0,12.0,345.0,25.0,T,FCC+L12+Sec.,10.1007/s11837-015-1484-7,1
Al0.278 Co0.694 Cr0.222 Fe0.417 Ni1 Ti0.167,15.01,24.98,36.0,10.01,6.01,1039.0,596.0,20.0,345.0,25.0,T,FCC+L12+Sec.,10.1007/s11837-015-1484-7,1
Al0.278 Co0.694 Cr0.222 Fe0.417 Ni1 Ti0.167,15.01,24.98,36.0,10.01,6.01,702.0,487.0,18.0,345.0,700.0,T,FCC+L12+Sec.,10.1007/s11837-015-1484-7,1
Al0.278 Co0.694 Cr0.222 Fe0.417 Ni1 Ti0.167,15.01,24.98,36.0,10.01,6.01,624.0,486.0,11.0,345.0,700.0,T,FCC+L12+Sec.,10.1007/s11837-015-1484-7,1
Al0.108 Co0.514 Cr0.514 Cu0.108 Fe0.514 Ni1,18.64,18.64,36.26,3.92,0.0,1048.0,719.0,30.0,,25.0,T,FCC,10.1016/j.msea.2017.04.111,1
Al0.108 Co0.514 Cr0.514 Cu0.108 Fe0.514 Ni1,18.64,18.64,36.26,3.92,0.0,732.0,460.0,32.0,,25.0,T,FCC+L12,10.1016/j.msea.2017.04.111,1
Al0.242 Co0.515 Cr0.515 Cu0.242 Fe0.515 Ni1,17.0,17.0,33.01,7.99,0.0,459.0,357.0,9.0,,25.0,T,Other,10.1007/s11837-013-0756-3,1
Al0.242 Co0.515 Cr0.515 Cu0.242 Fe0.515 Ni1,17.0,17.0,33.01,7.99,0.0,365.0,365.0,0.1,,25.0,T,Other,10.1007/s11837-013-0756-3,1
Al0.242 Co0.515 Cr0.515 Cu0.242 Fe0.515 Ni1,17.0,17.0,33.01,7.99,0.0,489.0,215.0,39.0,,25.0,T,FCC+L12,10.1007/s11837-013-0756-3,1
Al0.5 Co1 Cr1 Cu1 Fe1 Ni1,18.18,18.18,18.18,9.09,0.0,1344.0,1284.0,7.6,,25.0,T,Other,10.1016/j.actamat.2015.07.004,1
Al0.5 Co1 Cr1 Cu1 Fe1 Ni1,18.18,18.18,18.18,9.09,0.0,1400.0,1290.0,5.0,,25.0,T,FCC,10.1016/j.jallcom.2009.10.088,1
Al0.5 Co1 Cr1 Cu1 Fe1 Ni1,18.18,18.18,18.18,9.09,0.0,790.0,650.0,27.0,,25.0,T,Other,10.1016/j.jallcom.2009.10.088,1
Al1 Co1 Cr1 Cu1 Fe1 Ni1,16.67,16.67,16.67,16.67,0.0,790.0,790.0,0.2,,25.0,T,BCC+Sec.,10.1016/j.msea.2011.11.045,1
Al1 Co1 Cr1 Cu1 Fe1 Ni1,16.67,16.67,16.67,16.67,0.0,1170.0,1040.0,1.0,,25.0,T,BCC+Sec.,10.1016/j.msea.2011.11.045,1
Al1 Co1 Cr1 Fe1 Ni1,20.0,20.0,20.0,20.0,0.0,393.0,295.0,12.0,,700.0,T,BCC+B2+FCC+Sec.,10.1016/j.msea.2015.08.078,1
Al1 Co1 Cr1 Cu1 Fe1 Ni1,16.67,16.67,16.67,16.67,0.0,360.0,350.0,5.0,,700.0,T,BCC+Sec.,10.1016/j.msea.2011.11.045,1
Al1 Co1 Cr1 Cu1 Fe1 Ni1,16.67,16.67,16.67,16.67,0.0,91.0,63.0,63.0,,700.0,T,BCC+Sec.,10.1016/j.msea.2011.11.045,1
Al0.5 Co1 Cr1 Cu1 Fe1 Ni1,18.18,18.18,18.18,9.09,0.0,185.0,180.0,5.0,,700.0,T,FCC,10.1016/j.jallcom.2009.10.088,1
Al0.5 Co1 Cr1 Cu1 Fe1 Ni1,18.18,18.18,18.18,9.09,0.0,180.0,160.0,12.0,,700.0,T,Other,10.1016/j.jallcom.2009.10.088,1
Co1 Cr1 Fe1 Ni1 Ti0.2,23.81,23.81,23.81,0.0,4.76,1240.0,700.0,36.0,,25.0,T,FCC,10.1016/j.actamat.2018.11.049,1
Co1 Cr1 Fe1 Ni1 Ti0.2,23.81,23.81,23.81,0.0,4.76,1580.0,860.0,46.0,,-196.0,T,FCC,10.1016/j.actamat.2018.11.049,1
Al0.1 Co1 Cr1 Fe1 Ni1,24.39,24.39,24.39,2.44,0.0,928.0,711.0,30.3,,25.0,T,FCC,10.1016/j.actamat.2018.12.012,1
Al0.5 Cr0.5 Fe0.5 Ni1,20.0,0.0,40.0,20.0,0.0,1357.0,774.0,6.4,,25.0,T,FCC+BCC+B2,10.1016/j.jallcom.2018.08.176,1
Al0.429 Cr0.476 Fe0.476 Ni1,19.99,0.0,42.0,18.02,0.0,1173.0,610.0,9.1,,25.0,T,FCC+BCC+B2,10.1016/j.jallcom.2018.08.176,1
Al0.364 Cr0.455 Fe0.455 Ni1,20.01,0.0,43.98,16.01,0.0,956.0,479.0,12.7,,25.0,T,FCC+BCC+B2,10.1016/j.jallcom.2018.08.176,1
Al0.304 Cr0.435 Fe0.435 Ni1,20.01,0.0,46.0,13.98,0.0,835.0,461.0,30.0,,25.0,T,FCC+BCC+B2,10.1016/j.jallcom.2018.08.176,1
Al0.25 Cr0.417 Fe0.417 Ni1,20.01,0.0,47.98,12.0,0.0,757.0,441.0,45.0,,25.0,T,FCC,10.1016/j.jallcom.2018.08.176,1
Al0.3 Co1 Cr1 Fe1 Ni1,23.26,23.26,23.26,6.98,0.0,400.0,143.0,65.0,,25.0,T,FCC+L12,10.1016/j.scriptamat.2018.10.023,1
Al0.3 Co1 Cr1 Fe1 Ni1,23.26,23.26,23.26,6.98,0.0,850.0,471.0,45.0,,25.0,T,FCC+L12,10.1016/j.scriptamat.2018.10.023,1
Al0.3 Co1 Cr1 Fe1 Ni1,23.26,23.26,23.26,6.98,0.0,1050.0,841.0,35.0,,25.0,T,FCC+B2+Sec.,10.1016/j.scriptamat.2018.10.023,1
Al0.3 Co1 Cr1 Fe1 Ni1,23.26,23.26,23.26,6.98,0.0,1650.0,161.0,7.0,,25.0,T,FCC+BCC+B2+Sec.,10.1016/j.scriptamat.2018.10.023,1
Al0.3 Co1 Cr1 Fe1 Ni1,23.26,23.26,23.26,6.98,0.0,1850.0,187.0,5.0,,25.0,T,FCC+BCC+B2+Sec.,10.1016/j.scriptamat.2018.10.023,1
Al0.3 Co1 Cr1 Fe1 Ni1,23.26,23.26,23.26,6.98,0.0,1039.0,840.0,32.0,,25.0,T,FCC+B2+Sec.,10.1016/j.actamat.2018.12.010,1
Al0.3 Co1 Cr1 Fe1 Ni1,23.26,23.26,23.26,6.98,0.0,410.0,159.0,65.0,,25.0,T,FCC,10.1016/j.actamat.2018.12.010,1
Al0.278 Co0.694 Cr0.222 Fe0.417 Ni1 Ti0.167,15.01,24.98,36.0,10.01,6.01,696.0,520.0,49.0,,23.0,T,FCC,10.3390/e21020169,1
Al0.278 Co0.694 Cr0.222 Fe0.417 Ni1 Ti0.167,15.01,24.98,36.0,10.01,6.01,561.0,470.0,11.0,,600.0,T,FCC,10.3390/e21020169,1
Al0.278 Co0.694 Cr0.222 Fe0.417 Ni1 Ti0.167,15.01,24.98,36.0,10.01,6.01,560.0,461.0,9.0,,700.0,T,FCC,10.3390/e21020169,1
Al0.278 Co0.694 Cr0.222 Fe0.417 Ni1 Ti0.167,15.01,24.98,36.0,10.01,6.01,536.0,445.0,6.0,,800.0,T,FCC,10.3390/e21020169,1
Al0.278 Co0.694 Cr0.222 Fe0.417 Ni1 Ti0.167,15.01,24.98,36.0,10.01,6.01,312.0,219.0,8.0,,900.0,T,FCC,10.3390/e21020169,1
Al0.278 Co0.694 Cr0.222 Fe0.417 Ni1 Ti0.167,15.01,24.98,36.0,10.01,6.01,1197.0,627.0,27.0,,23.0,T,FCC,10.3390/e21020169,1
Al0.278 Co0.694 Cr0.222 Fe0.417 Ni1 Ti0.167,15.01,24.98,36.0,10.01,6.01,1006.0,594.0,12.0,,600.0,T,FCC,10.3390/e21020169,1
Al0.278 Co0.694 Cr0.222 Fe0.417 Ni1 Ti0.167,15.01,24.98,36.0,10.01,6.01,840.0,547.0,17.0,,700.0,T,FCC,10.3390/e21020169,1
Al0.278 Co0.694 Cr0.222 Fe0.417 Ni1 Ti0.167,15.01,24.98,36.0,10.01,6.01,575.0,399.0,20.0,,800.0,T,FCC,10.3390/e21020169,1
Al0.278 Co0.694 Cr0.222 Fe0.417 Ni1 Ti0.167,15.01,24.98,36.0,10.01,6.01,319.0,243.0,34.0,,900.0,T,FCC,10.3390/e21020169,1
Al0.15 Cr0.5 Cu0.25 Fe0.5 Ni1,20.83,0.0,41.67,6.25,0.0,169.0,62.0,98.0,107.0,25.0,T,FCC,10.1016/j.matchar.2019.109792,1
Al0.15 Cr0.5 Cu0.25 Fe0.5 Ni1,20.83,0.0,41.67,6.25,0.0,642.0,350.0,73.0,209.0,25.0,T,FCC+L12,10.1016/j.matchar.2019.109792,1
Al0.15 Cr0.5 Cu0.25 Fe0.5 Ni1,20.83,0.0,41.67,6.25,0.0,904.0,535.0,39.0,321.0,25.0,T,FCC+L12+Sec.,10.1016/j.matchar.2019.109792,1
Al0.15 Cr0.5 Cu0.25 Fe0.5 Ni1,20.83,0.0,41.67,6.25,0.0,584.0,255.0,88.0,159.0,25.0,T,FCC+L12+Sec.,10.1016/j.matchar.2019.109792,1
Co1 Cr1 Fe1 Ni1 Ti0.3,23.26,23.26,23.26,0.0,6.98,772.0,540.0,60.0,263.0,25.0,T,FCC,10.1016/j.msea.2019.138181,1
Co0.333 Cr0.667 Fe0.667 Ni1 Ti0.2,23.26,11.61,34.88,0.0,6.98,875.0,586.0,46.0,308.0,25.0,T,FCC,10.1016/j.msea.2019.138181,1
Cr0.5 Fe0.5 Ni1 Ti0.15,23.26,0.0,46.51,0.0,6.98,982.0,672.0,37.0,335.0,25.0,T,FCC,10.1016/j.msea.2019.138181,1
Al0.143 Cr0.343 Fe1 Mn0.8 Ni0.571,35.0,0.0,19.99,5.01,0.0,556.0,280.0,48.0,,25.0,T,FCC,10.1016/j.msea.2019.05.056,1
Al0.286 Cr0.343 Fe1 Mn0.657 Ni0.571,35.0,0.0,19.99,10.01,0.0,625.0,320.0,42.2,,25.0,T,FCC,10.1016/j.msea.2019.05.056,1
Al0.143 Cr0.343 Fe1 Mn0.8 Ni0.571,35.0,0.0,19.99,5.01,0.0,1392.0,1253.0,6.78,,25.0,T,FCC,10.1016/j.msea.2019.05.056,1
Al0.286 Cr0.343 Fe1 Mn0.657 Ni0.571,35.0,0.0,19.99,10.01,0.0,1500.0,1400.0,5.83,,25.0,T,FCC,10.1016/j.msea.2019.05.056,1
Al0.186 Cr0.149 Fe1 Mn0.861 Ni0.28,40.39,0.0,11.31,7.51,0.0,535.0,159.0,,,25.0,T,,10.1016/j.msea.2019.01.083,1
Al0.186 Cr0.149 Fe1 Mn0.861 Ni0.28,40.39,0.0,11.31,7.51,0.0,584.0,409.0,,,25.0,T,,10.1016/j.msea.2019.01.083,1
Al0.186 Cr0.149 Fe1 Mn0.861 Ni0.28,40.39,0.0,11.31,7.51,0.0,1174.0,355.0,,,25.0,T,,10.1016/j.msea.2019.01.083,1
Al0.186 Cr0.149 Fe1 Mn0.861 Ni0.28,40.39,0.0,11.31,7.51,0.0,978.0,954.0,,,25.0,T,,10.1016/j.msea.2019.01.083,1
Fe99Al1,99.0,0.0,0.0,1.0,0.0,200.0,150.0,30.0,90.0,25.0,T,BCC,Dilute_alloy_lit,1
Fe95Al5,95.0,0.0,0.0,5.0,0.0,250.0,180.0,25.0,110.0,25.0,T,BCC,Dilute_alloy_lit,1
Fe90Al10,90.0,0.0,0.0,10.0,0.0,320.0,220.0,20.0,140.0,25.0,T,BCC,Dilute_alloy_lit,1
Fe80Al20,80.0,0.0,0.0,20.0,0.0,450.0,300.0,10.0,200.0,25.0,T,BCC+B2,Dilute_alloy_lit,1
Ni99Al1,0.0,0.0,99.0,1.0,0.0,180.0,100.0,40.0,80.0,25.0,T,FCC,Dilute_alloy_lit,1
Ni95Al5,0.0,0.0,95.0,5.0,0.0,220.0,120.0,35.0,90.0,25.0,T,FCC,Dilute_alloy_lit,1
Ni90Al10,0.0,0.0,90.0,10.0,0.0,300.0,150.0,30.0,120.0,25.0,T,FCC,Dilute_alloy_lit,1
Co95Al5,0.0,95.0,0.0,5.0,0.0,300.0,150.0,25.0,120.0,25.0,T,HCP,Dilute_alloy_lit,1
Co90Al10,0.0,90.0,0.0,10.0,0.0,400.0,200.0,20.0,150.0,25.0,T,HCP,Dilute_alloy_lit,1
Al95Ti5,0.0,0.0,0.0,95.0,5.0,120.0,80.0,15.0,60.0,25.0,T,FCC+L12,Dilute_alloy_lit,1
Al90Ti10,0.0,0.0,0.0,90.0,10.0,180.0,120.0,10.0,90.0,25.0,T,FCC+L12,Dilute_alloy_lit,1
Al80Ti20,0.0,0.0,0.0,80.0,20.0,280.0,180.0,5.0,140.0,25.0,T,L12,Dilute_alloy_lit,1
Fe95Ti5,95.0,0.0,0.0,0.0,5.0,280.0,180.0,20.0,110.0,25.0,T,BCC,Dilute_alloy_lit,1
Fe90Ti10,90.0,0.0,0.0,0.0,10.0,350.0,220.0,15.0,140.0,25.0,T,BCC,Dilute_alloy_lit,1
Ni95Ti5,0.0,0.0,95.0,0.0,5.0,250.0,120.0,30.0,100.0,25.0,T,FCC,Dilute_alloy_lit,1
Ni90Ti10,0.0,0.0,90.0,0.0,10.0,320.0,150.0,25.0,130.0,25.0,T,FCC,Dilute_alloy_lit,1
Fe_pure,100.0,0.0,0.0,0.0,0.0,200.0,100.0,40.0,80.0,25.0,T,BCC,Pure_metal_ref,1
Al_pure_fixed,0.0,0.0,0.0,100.0,0.0,90.0,30.0,50.0,25.0,25.0,T,FCC,Pure_metal_ref,1
Al99Fe1,1.0,0.0,0.0,99.0,0.0,95.0,40.0,40.0,30.0,25.0,T,FCC,Al_rich_lit,1
Al95Fe5,5.0,0.0,0.0,95.0,0.0,110.0,60.0,30.0,40.0,25.0,T,FCC,Al_rich_lit,1
Al90Fe10,10.0,0.0,0.0,90.0,0.0,140.0,80.0,20.0,60.0,25.0,T,FCC,Al_rich_lit,1
Al90Ni10,0.0,0.0,10.0,90.0,0.0,150.0,90.0,15.0,70.0,25.0,T,FCC,Al_rich_lit,1
Al85Ni15,0.0,0.0,15.0,85.0,0.0,180.0,110.0,10.0,90.0,25.0,T,FCC+L12,Al_rich_lit,1
Al90Ti10,0.0,0.0,0.0,90.0,10.0,160.0,100.0,10.0,80.0,25.0,T,FCC,Al_rich_lit,1
Al98Co2,0.0,2.0,0.0,98.0,0.0,100.0,50.0,30.0,35.0,25.0,T,FCC,Al_rich_lit,1
CoFeNi,33.33,33.33,33.33,0.0,0.0,513.0,211.0,31.0,,25.0,T,FCC,10.1016/j.actamat.2014.07.013,1
Co1 Cr1 Fe1 Ni1_Wu,25.0,25.0,25.0,0.0,0.0,708.0,274.0,39.0,,25.0,T,FCC,10.1016/j.actamat.2014.08.026,1
Co1 Cr1 Mn1 Ni1,0.0,25.0,25.0,0.0,0.0,694.0,282.0,44.0,,25.0,T,FCC,10.1016/j.actamat.2014.08.026,1
Co1 Cr1 Ni1,0.0,33.3,33.3,0.0,0.0,860.0,300.0,60.0,,25.0,T,FCC,10.1016/j.actamat.2014.08.026,1
Co1 Fe1 Mn1 Ni1,25.0,25.0,25.0,0.0,0.0,550.0,170.0,41.0,,25.0,T,FCC,10.1016/j.actamat.2014.08.026,1
Co1 Mn1 Ni1,0.0,33.3,33.3,0.0,0.0,653.0,231.0,38.0,,25.0,T,FCC,10.1016/j.actamat.2014.08.026,1
Fe1 Mn1 Ni1,33.3,0.0,33.3,0.0,0.0,602.0,221.0,36.0,,25.0,T,FCC,10.1016/j.actamat.2014.08.026,1
Co1 Cr1 Fe1 Ni1_Liu,25.0,25.0,25.0,0.0,0.0,413.0,148.0,48.0,,25.0,T,FCC,10.1016/j.intermet.2015.01.004,1
(FeCoNi)86Al7Ti7_LPBF,28.67,28.67,28.67,7.0,7.0,1221.6,,32.6,,25.0,T,FCC+L21,10.1016/j.mtcomm.2024.110285,1
(FeCoNi)86Al7Ti7_VAM,28.67,28.67,28.67,7.0,7.0,972.5,,8.8,,25.0,T,FCC,10.1016/j.mtcomm.2024.110285,1
(FeCoNi)94Ti6,31.33,31.33,31.33,0.0,6.0,1263.0,893.0,24.0,,25.0,T,FCC+L12,10.1016/j.jallcom.2020.154457,1
(FeCoNi)85.84Al7.07Ti7.09_aged,28.61,28.61,28.61,7.07,7.09,1625.0,1214.0,,,25.0,T,FCC+L12,10.1016/j.jmrt.2023.07.074,1
Ni0.6CoFe1.6_Al0.2Ti0.1,45.7,28.6,17.1,5.7,2.9,1305.4,837.7,12.3,,25.0,T,BCC+FCC+L21,10.1016/j.jmrt.2023.01.035,1
Co1 Fe1 Ni1,33.33,33.33,33.33,0.0,0.0,430.0,,,,25.0,T,FCC,10.1016/j.intermet.2019.106477,1
Co1 Fe1 Ni1,33.33,33.33,33.33,0.0,0.0,498.0,,,,25.0,T,FCC,10.1016/j.intermet.2019.106477,1
Co1 Fe1 Ni1,33.33,33.33,33.33,0.0,0.0,540.0,,,,25.0,T,FCC,10.1016/j.intermet.2019.106477,1
Co1 Fe1 Ni1,33.33,33.33,33.33,0.0,0.0,513.0,211.0,31.0,,25.0,T,FCC,10.1016/j.actamat.2014.08.026,1
Co1 Cr1 Fe1 Nb0.103 Ni1,24.37,24.37,24.37,0.0,0.0,622.0,318.0,19.0,,25.0,T,other,10.1016/j.intermet.2015.01.004,1
Co1 Cr1 Fe1 Nb0.155 Ni1,24.07,24.07,24.07,0.0,0.0,744.0,322.0,23.0,,25.0,T,other,10.1016/j.intermet.2015.01.004,1
Co1 Cr1 Fe1 Nb0.206 Ni1,23.78,23.78,23.78,0.0,0.0,807.0,403.0,9.0,,25.0,T,other,10.1016/j.intermet.2015.01.004,1
Co1 Cr1 Fe1 Nb0.309 Ni1,23.21,23.21,23.21,0.0,0.0,879.0,479.0,4.0,,25.0,T,other,10.1016/j.intermet.2015.01.004,1
Co1 Cr1 Fe1 Nb0.412 Ni1,22.67,22.67,22.67,0.0,0.0,1004.0,638.0,1.0,,25.0,T,other,10.1016/j.intermet.2015.01.004,1
Co1 Cu1 Fe1 Ni1,25.0,25.0,25.0,0.0,0.0,480.0,,,,25.0,T,FCC,10.1016/j.msea.2012.03.080,1
Co1 Cu1 Fe1 Ni1 Sn0.02,24.88,24.88,24.88,0.0,0.0,548.0,,,,25.0,T,FCC,10.1016/j.msea.2012.03.080,1
Co1 Cu1 Fe1 Ni1 Sn0.04,24.75,24.75,24.75,0.0,0.0,594.0,,,,25.0,T,other,10.1016/j.msea.2012.03.080,1
Co1 Cu1 Fe1 Ni1 Sn0.05,24.69,24.69,24.69,0.0,0.0,615.0,,,,25.0,T,other,10.1016/j.msea.2012.03.080,1
Co1 Cu1 Fe1 Ni1 Sn0.07,24.57,24.57,24.57,0.0,0.0,632.0,,,,25.0,T,other,10.1016/j.msea.2012.03.080,1
Co1 Cu1 Fe1 Ni1 Sn0.1,24.39,24.39,24.39,0.0,0.0,602.0,,,,25.0,T,other,10.1016/j.msea.2012.03.080,1
Co1 Cu1 Fe1 Ni1 Sn0.2,23.81,23.81,23.81,0.0,0.0,261.0,,,,25.0,T,other,10.1016/j.msea.2012.03.080,1
Co1 Cu1 Fe1 Mn1 Ni1,20.0,20.0,20.0,0.0,0.0,478.0,,,208.0,25.0,T,FCC,10.1016/j.matdes.2012.08.019,1
Co1 Cu1 Fe1 Mn1 Ni1 Sn0.03,19.88,19.88,19.88,0.0,0.0,465.0,,,192.0,25.0,T,FCC,10.1016/j.matdes.2012.08.019,1
Co1 Cu1 Fe1 Mn1 Ni1 Sn0.08,19.69,19.69,19.69,0.0,0.0,425.0,,,219.0,25.0,T,other,10.1016/j.matdes.2012.08.019,1
Co1 Cu1 Fe1 Mn1 Ni1 Sn0.1,19.61,19.61,19.61,0.0,0.0,470.0,,,253.0,25.0,T,other,10.1016/j.matdes.2012.08.019,1
Co1 Cu1 Fe1 Mn1 Ni1 Sn0.2,19.23,19.23,19.23,0.0,0.0,368.0,,,319.0,25.0,T,other,10.1016/j.matdes.2012.08.019,1
Co1 Cr1 Fe1 Mn1 Ni1,20.0,20.0,20.0,0.0,0.0,670.0,370.0,56.0,,25.0,T,FCC,10.1016/j.actamat.2013.06.018,1
Co1 Cr0.429 Fe0.571 Mo0.286 Ni0.571,19.99,35.0,19.99,0.0,0.0,720.0,350.0,21.9,,25.0,T,FCC,10.1016/j.scriptamat.2017.05.019,1
Co1 Cr0.429 Fe0.571 Mo0.286 Ni0.571,19.99,35.0,19.99,0.0,0.0,1410.0,1311.0,12.1,,25.0,T,other,10.1016/j.scriptamat.2017.05.019,1
Co1 Cr0.429 Fe0.571 Mo0.286 Ni0.571,19.99,35.0,19.99,0.0,0.0,1360.0,1212.0,14.9,,25.0,T,other,10.1016/j.scriptamat.2017.05.019,1
Co1 Cr0.429 Fe0.571 Mo0.286 Ni0.571,19.99,35.0,19.99,0.0,0.0,1249.0,1028.0,18.3,,25.0,T,other,10.1016/j.scriptamat.2017.05.019,1
Co1 Cr0.429 Fe0.571 Mo0.286 Ni0.571,19.99,35.0,19.99,0.0,0.0,1194.0,879.0,25.4,,25.0,T,other,10.1016/j.scriptamat.2017.05.019,1
Co1 Cr0.429 Fe0.571 Mo0.286 Ni0.571,19.99,35.0,19.99,0.0,0.0,1127.0,799.0,28.2,,25.0,T,other,10.1016/j.scriptamat.2017.05.019,1
Co1 Cr0.429 Fe0.571 Mo0.286 Ni0.571,19.99,35.0,19.99,0.0,0.0,918.0,350.0,62.4,,25.0,T,FCC,10.1016/j.scriptamat.2017.05.019,1
Co1 Cr1 Fe1 Ni1,25.0,25.0,25.0,0.0,0.0,472.4,155.0,58.9,,25.0,T,FCC,10.1016/j.actamat.2016.06.063,1
Co1 Cr1 Fe1 Mo0.083 Ni1,24.49,24.49,24.49,0.0,0.0,479.0,198.8,51.1,,25.0,T,other,10.1016/j.actamat.2016.06.063,1
Co1 Cr1 Fe1 Mo0.208 Ni1,23.76,23.76,23.76,0.0,0.0,589.6,254.7,55.1,,25.0,T,other,10.1016/j.actamat.2016.06.063,1
Co1 Cr1 Fe1 Mo0.304 Ni1,23.23,23.23,23.23,0.0,0.0,709.7,305.3,49.3,,25.0,T,other,10.1016/j.actamat.2016.06.063,1
Co1 Cr1 Fe1 Mo0.304 Ni1,23.23,23.23,23.23,0.0,0.0,1186.5,815.5,18.9,,25.0,T,other,10.1016/j.actamat.2016.06.063,1
Co1 Cr1 Fe1 Mo0.304 Ni1,23.23,23.23,23.23,0.0,0.0,1042.0,646.7,32.5,,25.0,T,other,10.1016/j.actamat.2016.06.063,1
Co1 Cr1 Fe1 Mo0.304 Ni1,23.23,23.23,23.23,0.0,0.0,1066.6,683.7,30.4,,25.0,T,other,10.1016/j.actamat.2016.06.063,1
Co1 Cr1 Fe1 Mn1 Ni1,20.0,20.0,20.0,0.0,0.0,558.0,243.0,50.0,,25.0,T,FCC,10.1080/02670836.2017.1342367,1
C0.02 Co1 Cr1 Fe1 Mn1 Ni1,19.92,19.92,19.92,0.0,0.0,723.0,446.0,15.0,,25.0,T,other,10.1080/02670836.2017.1342367,1
Co1 Cr1 Fe1 Mn1 Ni1,20.0,20.0,20.0,0.0,0.0,621.0,249.0,41.0,,25.0,T,FCC,10.1080/02670836.2017.1342367,1
C0.02 Co1 Cr1 Fe1 Mn1 Ni1,19.92,19.92,19.92,0.0,0.0,857.0,581.0,28.0,,25.0,T,other,10.1080/02670836.2017.1342367,1
Co1 Cr1 Fe1 Ni1,25.0,25.0,25.0,0.0,0.0,453.0,190.0,70.0,,25.0,T,FCC,10.1016/j.actamat.2015.08.076,1
Co1 Cr1 Fe1 Mn1 Ni1,20.0,20.0,20.0,0.0,0.0,676.0,300.0,52.0,,25.0,T,FCC,10.1016/j.jmst.2018.09.068,1
Co1 Cr1 Fe1 Mn1 Ni1,20.0,20.0,20.0,0.0,0.0,888.0,800.0,39.5,,25.0,T,FCC,10.1016/j.jmst.2018.09.068,1
Co1 Cr1 Fe1 Ni1,25.0,25.0,25.0,0.0,0.0,664.0,446.0,63.0,,20.0,T,FCC,10.1007/s40843-018-9373-y,1
Co1 Cr1 Fe1 Mn1 Ni1,20.0,20.0,20.0,0.0,0.0,700.1,378.7,54.0,,25.0,T,FCC,10.1016/j.msea.2019.01.050,1
C0.5 Co1 Cr1 Fe1 Mn1 Ni1,18.18,18.18,18.18,0.0,0.0,791.4,520.9,40.3,,25.0,T,FCC,10.1016/j.msea.2019.01.050,1
C1 Co1 Cr1 Fe1 Mn1 Ni1,16.67,16.67,16.67,0.0,0.0,887.6,643.8,31.9,,25.0,T,FCC,10.1016/j.msea.2019.01.050,1
Co1 Cr0.588 Fe0.176 Mo0.176 Ni1,5.99,34.01,34.01,0.0,0.0,1300.0,1100.0,32.0,,25.0,T,FCC,10.1016/j.ijplas.2018.10.005,1
Co1 Cr1 Fe1 Mn1 Ni1,20.0,20.0,20.0,0.0,0.0,666.3,386.2,57.5,,25.0,T,FCC,10.1016/j.jallcom.2018.08.115,1
Co0.5 Cr0.5 Fe1 Ni1,33.33,16.67,33.33,0.0,0.0,612.0,214.0,77.3,,25.0,T,FCC,10.1080/21663831.2018.1553803,1
Co0.875 Cr0.625 Fe1 Ni1,28.57,25.0,28.57,0.0,0.0,721.0,241.0,96.2,,25.0,T,FCC,10.1080/21663831.2018.1553803,1
Co1 Cr0.556 Fe0.667 Ni0.667,23.08,34.6,23.08,0.0,0.0,841.0,299.0,76.1,,25.0,T,FCC,10.1080/21663831.2018.1553803,1
Co1 Cr0.455 Fe0.364 Ni0.364,16.67,45.81,16.67,0.0,0.0,746.0,392.0,20.3,,25.0,T,other,10.1080/21663831.2018.1553803,1
Co1 Cr0.385 Fe0.154 Ni0.154,9.1,59.07,9.1,0.0,0.0,857.0,482.0,13.3,,25.0,T,other,10.1080/21663831.2018.1553803,1
Co0.986 Cr0.952 Fe0.933 Mn0.914 Ni1,19.5,20.61,20.9,0.0,0.0,1415.0,1290.0,1.1,,25.0,T,BCC,10.1016/j.msea.2019.01.112,1
Co0.986 Cr0.952 Fe0.933 Mn0.914 Ni1,19.5,20.61,20.9,0.0,0.0,1260.0,1135.0,1.8,,25.0,T,other,10.1016/j.msea.2019.01.112,1
Co0.986 Cr0.952 Fe0.933 Mn0.914 Ni1,19.5,20.61,20.9,0.0,0.0,815.0,585.0,31.7,,25.0,T,other,10.1016/j.msea.2019.01.112,1
Co0.986 Cr0.952 Fe0.933 Mn0.914 Ni1,19.5,20.61,20.9,0.0,0.0,735.0,425.0,40.2,,25.0,T,other,10.1016/j.msea.2019.01.112,1
Co0.986 Cr0.952 Fe0.933 Mn0.914 Ni1,19.5,20.61,20.9,0.0,0.0,630.0,270.0,46.2,,25.0,T,FCC,10.1016/j.msea.2019.01.112,1
Co0.986 Cr0.952 Fe0.933 Mn0.914 Ni1,19.5,20.61,20.9,0.0,0.0,1175.0,1120.0,1.5,,25.0,T,other,10.1016/j.msea.2019.01.112,1
Co1 Cr1 Fe1 Mn1 Ni1,20.0,20.0,20.0,0.0,0.0,625.6,293.1,63.0,,25.0,T,FCC,10.1016/j.intermet.2019.106486,1
Co1 Cr1 Fe1 Ni1,25.0,25.0,25.0,0.0,0.0,732.0,631.0,39.0,,25.0,T,FCC,10.1016/j.actamat.2019.04.017,1
Co1 Cr1 Fe1 Ni1,25.0,25.0,25.0,0.0,0.0,672.0,448.0,65.0,,25.0,T,FCC,10.1016/j.actamat.2019.04.017,1
Co1 Cr1 Fe1 Ni1,25.0,25.0,25.0,0.0,0.0,567.0,273.0,85.0,,25.0,T,FCC,10.1016/j.actamat.2019.04.017,1
Co1 Cr1 Fe1 Ni1,25.0,25.0,25.0,0.0,0.0,504.0,172.0,105.0,,25.0,T,FCC,10.1016/j.actamat.2019.04.017,1
Co0.318 Cr0.227 Fe1 Mo0.091 Ni0.182,55.01,17.49,10.01,0.0,0.0,840.0,443.0,61.6,,25.0,T,other,10.1016/j.jallcom.2018.12.040,1
Co0.327 Cr0.227 Fe1 Mo0.136 Ni0.127,55.04,18.0,6.99,0.0,0.0,1096.0,711.0,38.3,,25.0,T,other,10.1016/j.jallcom.2018.12.040,1
Co0.318 Cr0.227 Fe1 Mo0.091 Ni0.182,55.01,17.49,10.01,0.0,0.0,718.0,301.0,77.5,,25.0,T,other,10.1016/j.jallcom.2018.12.040,1
Co0.327 Cr0.227 Fe1 Mo0.136 Ni0.127,55.04,18.0,6.99,0.0,0.0,1078.0,684.0,48.1,,25.0,T,other,10.1016/j.jallcom.2018.12.040,1
Co0.318 Cr0.227 Fe1 Mo0.091 Ni0.182,55.01,17.49,10.01,0.0,0.0,673.0,261.0,86.6,,25.0,T,other,10.1016/j.jallcom.2018.12.040,1
Co0.327 Cr0.227 Fe1 Mo0.136 Ni0.127,55.04,18.0,6.99,0.0,0.0,933.0,506.0,59.3,,25.0,T,other,10.1016/j.jallcom.2018.12.040,1
Co0.318 Cr0.227 Fe1 Mo0.091 Ni0.182,55.01,17.49,10.01,0.0,0.0,638.0,231.0,87.2,,25.0,T,other,10.1016/j.jallcom.2018.12.040,1
Co0.327 Cr0.227 Fe1 Mo0.136 Ni0.127,55.04,18.0,6.99,0.0,0.0,693.0,296.0,63.2,,25.0,T,other,10.1016/j.jallcom.2018.12.040,1
Co0.286 Cr0.429 Fe1 Mn0.143 Ni0.714 V0.286,34.99,10.01,24.98,0.0,0.0,717.0,401.0,49.0,,25.0,T,FCC,10.1016/j.msea.2018.12.077,1
Co0.286 Cr0.429 Fe1 Mn0.143 Ni0.714 V0.286,34.99,10.01,24.98,0.0,0.0,690.0,350.0,50.0,,25.0,T,FCC,10.1016/j.msea.2018.12.077,1
Co0.286 Cr0.429 Fe1 Mn0.143 Ni0.714 V0.286,34.99,10.01,24.98,0.0,0.0,660.0,312.0,51.0,,25.0,T,FCC,10.1016/j.msea.2018.12.077,1
Co0.286 Cr0.429 Fe1 Mn0.143 Ni0.714 V0.286,34.99,10.01,24.98,0.0,0.0,610.0,240.0,53.0,,25.0,T,FCC,10.1016/j.msea.2018.12.077,1
Co0.286 Cr0.429 Fe1 Mn0.143 Ni0.714 V0.286,34.99,10.01,24.98,0.0,0.0,593.0,210.0,52.0,,25.0,T,FCC,10.1016/j.msea.2018.12.077,1
Co0.476 Cr0.476 Fe0.476 Nb0.095 Ni1,18.87,18.87,39.64,0.0,0.0,537.0,170.0,32.0,,25.0,T,other,10.1016/j.matlet.2019.04.012,1
Co0.476 Cr0.476 Fe0.476 Nb0.19 Ni1,18.18,18.18,38.2,0.0,0.0,840.0,640.0,7.0,,25.0,T,other,10.1016/j.matlet.2019.04.012,1
Co0.476 Cr0.476 Fe0.476 Nb0.095 Ni1,18.87,18.87,39.64,0.0,0.0,860.0,560.0,19.0,,25.0,T,other,10.1016/j.matlet.2019.04.012,1
Co1 Cr1 Fe1 Mn1 Ni1,20.0,20.0,20.0,0.0,0.0,635.0,353.0,,,25.0,T,FCC,10.1016/j.jallcom.2019.04.121,1
C0.041 Co1 Cr1 Fe1 Mn1 Nb0.041 Ni1,19.68,19.68,19.68,0.0,0.0,911.0,732.0,,,25.0,T,other,10.1016/j.jallcom.2019.04.121,1
Co1 Cr1 Fe1 Mn1 Ni1,20.0,20.0,20.0,0.0,0.0,1335.35,1199.26,4.37,,25.0,T,FCC,10.1007/s11661-019-05231-y,1
Co1 Cr1 Fe1 Mn1 Ni1,20.0,20.0,20.0,0.0,0.0,1366.3,1269.23,1.16,,25.0,T,FCC,10.1007/s11661-019-05231-y,1
Co1 Cr1 Fe1 Mn1 Ni1,20.0,20.0,20.0,0.0,0.0,1402.83,1371.21,1.58,,25.0,T,FCC,10.1007/s11661-019-05231-y,1
Co1 Cr1 Fe1 Mn1 Ni1,20.0,20.0,20.0,0.0,0.0,1471.05,1362.74,3.15,,25.0,T,FCC,10.1007/s11661-019-05231-y,1
Co1 Cr1 Fe1 Mn1 Ni1,20.0,20.0,20.0,0.0,0.0,1325.25,1241.81,4.31,,25.0,T,FCC,10.1007/s11661-019-05231-y,1
Co1 Cr1 Fe1 Mn1 Ni1,20.0,20.0,20.0,0.0,0.0,1021.32,930.3,19.01,,25.0,T,FCC,10.1007/s11661-019-05231-y,1
Co1 Cr1 Fe1 Mn1 Ni1,20.0,20.0,20.0,0.0,0.0,901.74,729.21,26.3,,25.0,T,FCC,10.1007/s11661-019-05231-y,1
Co1 Cr1 Fe1 Mn1 Ni1,20.0,20.0,20.0,0.0,0.0,735.6,494.82,38.7,,25.0,T,FCC,10.1007/s11661-019-05231-y,1
Co1 Cr1 Fe1 Mn1 Ni1,20.0,20.0,20.0,0.0,0.0,673.25,366.88,42.55,,25.0,T,FCC,10.1007/s11661-019-05231-y,1
Co1 Cr1 Fe1 Mn1 Ni1,20.0,20.0,20.0,0.0,0.0,618.51,290.65,43.15,,25.0,T,FCC,10.1007/s11661-019-05231-y,1
Co1 Cr1 Fe1 Mn1 Ni1,20.0,20.0,20.0,0.0,0.0,598.75,258.76,45.05,,25.0,T,FCC,10.1007/s11661-019-05231-y,1
Co1 Cr1 Fe1 Mo0.15 Ni1,24.1,24.1,24.1,0.0,0.0,895.0,489.0,,,25.0,T,FCC,10.1016/j.msea.2019.05.078,1
Co1 Cr1 Fe1 Mo0.15 Ni1,24.1,24.1,24.1,0.0,0.0,1122.0,952.0,,,25.0,T,other,10.1016/j.msea.2019.05.078,1
Co1 Cr1 Fe1 Mo0.15 Ni1,24.1,24.1,24.1,0.0,0.0,1245.0,1136.0,,,25.0,T,FCC,10.1016/j.msea.2019.05.078,1
Co1 Cr1 Fe1 Mo0.15 Ni1,24.1,24.1,24.1,0.0,0.0,1493.0,1301.0,,,25.0,T,FCC,10.1016/j.msea.2019.05.078,1
Co1 Cr1 Fe1 Mo0.15 Ni1,24.1,24.1,24.1,0.0,0.0,1421.0,1311.0,,,25.0,T,other,10.1016/j.msea.2019.05.078,1
Co1 Cr1 Fe1 Mo0.15 Ni1,24.1,24.1,24.1,0.0,0.0,1458.0,1273.0,,,25.0,T,other,10.1016/j.msea.2019.05.078,1
Co1 Cr0.2 Fe1 Ni1 Si0.2,29.41,29.41,29.41,0.0,0.0,732.0,225.0,61.0,130.1,25.0,T,FCC,10.1016/j.jmmm.2019.01.096,1
Co1 Cr0.2 Fe1 Ni1 Si0.2,29.41,29.41,29.41,0.0,0.0,1070.0,705.0,10.0,318.2,25.0,T,FCC,10.1016/j.jmmm.2019.01.096,1
Co1 Cr0.2 Fe1 Ni1 Si0.2,29.41,29.41,29.41,0.0,0.0,920.0,320.0,60.0,153.8,25.0,T,FCC,10.1016/j.jmmm.2019.01.096,1
Co1 Cr1 Fe1 Mo0.2 Ni1,23.81,23.81,23.81,0.0,0.0,780.0,400.0,53.0,,25.0,T,FCC,10.3390/e21050448,1
Co1 Cr1 Fe1 Mo0.2 Ni1,23.81,23.81,23.81,0.0,0.0,838.0,,43.0,,25.0,T,FCC,10.3390/e21050448,1
Co1 Cr1 Fe1 Mo0.2 Ni1,23.81,23.81,23.81,0.0,0.0,899.0,,31.0,,25.0,T,FCC,10.3390/e21050448,1
Co1 Cr1 Fe1 Mo0.2 Ni1,23.81,23.81,23.81,0.0,0.0,811.0,,52.0,,25.0,T,FCC,10.3390/e21050448,1
Co1 Cr1 Fe1 Mo0.2 Ni1,23.81,23.81,23.81,0.0,0.0,790.0,,49.0,,25.0,T,FCC,10.3390/e21050448,1
Co1 Cr1 Fe1 Mo0.2 Ni1,23.81,23.81,23.81,0.0,0.0,799.0,,47.0,,25.0,T,FCC,10.3390/e21050448,1
Co1 Cr1 Fe1 Mo0.2 Ni1,23.81,23.81,23.81,0.0,0.0,823.0,,36.0,,25.0,T,FCC,10.3390/e21050448,1
Co1 Cr1 Fe1 Mo0.2 Ni1,23.81,23.81,23.81,0.0,0.0,849.0,,34.0,,25.0,T,FCC,10.3390/e21050448,1
Al0.5 Co1 Cr1 Fe1 Ni1 Ti1,18.18,18.18,18.18,9.09,18.18,1600.0,,,,25.0,C,BCC+Laves,10.1016/j.msea.2008.12.053,0
Al1 Co0.667 Cr0.667 Fe0.667 Ni0.667 Ti0.667,15.39,15.39,15.39,23.07,15.39,2110.0,,,,25.0,C,BCC+BCC,10.1016/j.msea.2008.12.053,0
Al1 Co0.5 Cr0.5 Fe0.5 Ni0.5 Ti0.5,14.29,14.29,14.29,28.57,14.29,1030.0,,,643.0,25.0,C,BCC+BCC,10.1016/j.msea.2008.12.053,0
Al1 Co1 Cr1 Fe1 Ni1 Ti1,16.67,16.67,16.67,16.67,16.67,2280.0,,,,25.0,C,BCC+Laves,10.1016/j.msea.2008.12.053,0
Co1 Cr1 Fe1 Ni1 Ti1,20.0,20.0,20.0,0.0,20.0,2020.0,,,,25.0,C,FCC,10.1016/j.msea.2008.12.053,0
Al0.7 Co0.3 Cr1 Fe1 Ni1,25.0,7.5,25.0,17.5,0.0,2635.0,2033.0,8.0,624.0,25.0,C,FCC+BCC+B2,10.1016/j.matdes.2013.04.061,0
Al1 Co1 Cr1 Fe1 Ni1,20.0,20.0,20.0,20.0,0.0,2004.0,1251.0,,,25.0,C,BCC,10.1016/j.msea.2008.01.064,0
Al1 C0.1 Co1 Cr1 Fe1 Ni1,19.61,19.61,19.61,19.61,0.0,2550.0,957.0,,,25.0,C,BCC+Sec.,10.1016/j.jallcom.2010.10.047,0
Al1 C0.2 Co1 Cr1 Fe1 Ni1,19.23,19.23,19.23,19.23,0.0,2386.0,906.0,,,25.0,C,BCC+Sec.,10.1016/j.jallcom.2010.10.047,0
Al1 C0.3 Co1 Cr1 Fe1 Ni1,18.87,18.87,18.87,18.87,0.0,2178.0,867.0,,,25.0,C,BCC+Sec.,10.1016/j.jallcom.2010.10.047,0
Al1 C0.4 Co1 Cr1 Fe1 Ni1,18.52,18.52,18.52,18.52,0.0,2375.0,1056.0,,,25.0,C,BCC+Sec.,10.1016/j.jallcom.2010.10.047,0
Al1 C0.5 Co1 Cr1 Fe1 Ni1,18.18,18.18,18.18,18.18,0.0,2250.0,1060.0,,,25.0,C,BCC+Sec.,10.1016/j.jallcom.2010.10.047,0
Al0.667 C1 Co0.667 Cr0.667 Fe0.667 Ni0.667,15.39,15.39,15.39,15.39,0.0,2083.0,1255.0,,,25.0,C,BCC+Sec.,10.1016/j.jallcom.2010.10.047,0
Al1 C1 Co1 Cr1 Fe1 Ni1,16.67,16.67,16.67,16.67,0.0,2166.0,1251.0,,,25.0,C,BCC+Sec.,10.1016/j.jallcom.2010.10.047,0
Al1 Co1 Cr1 Fe1 Mo0.1 Ni1,19.61,19.61,19.61,19.61,0.0,2280.0,1804.0,,,25.0,C,BCC,10.1016/j.msea.2010.07.028,0
Al1 Co1 Cr1 Fe1 Mo0.2 Ni1,19.23,19.23,19.23,19.23,0.0,2953.0,2456.0,,,25.0,C,BCC+Sec.,10.1016/j.msea.2010.07.028,0
Al1 Co1 Cr1 Fe1 Mo0.3 Ni1,18.87,18.87,18.87,18.87,0.0,3208.0,2649.0,,,25.0,C,BCC+Sec.,10.1016/j.msea.2010.07.028,0
Al1 Co1 Cr1 Fe1 Mo0.4 Ni1,18.52,18.52,18.52,18.52,0.0,3161.0,2670.0,,,25.0,C,BCC+Sec.,10.1016/j.msea.2010.07.028,0
Al1 Co1 Cr1 Fe1 Mo0.5 Ni1,18.18,18.18,18.18,18.18,0.0,3036.0,2757.0,,,25.0,C,BCC+Sec.,10.1016/j.msea.2010.07.028,0
Al1 Co1 Cr1 Fe1 Nb0.1 Ni1,19.61,19.61,19.61,19.61,0.0,3285.0,1641.0,,569.0,25.0,C,BCC,10.1016/j.msea.2011.10.110,0
Al1 Co1 Cr1 Fe1 Nb0.25 Ni1,19.05,19.05,19.05,19.05,0.0,3008.0,1959.0,,668.0,25.0,C,BCC+Sec.,10.1016/j.msea.2011.10.110,0
Al1 Co1 Cr1 Fe1 Nb0.5 Ni1,18.18,18.18,18.18,18.18,0.0,3170.0,2473.0,,747.0,25.0,C,BCC+Sec.,10.1016/j.msea.2011.10.110,0
Al1 Co1 Cr1 Fe1 Ni1,20.0,20.0,20.0,20.0,0.0,3531.0,1373.0,,520.0,25.0,C,BCC,10.1016/j.msea.2011.10.110,0
Al1 Co1 Cr1 Fe1 Ni1 Si1,16.67,16.67,16.67,16.67,0.0,2950.0,2411.0,,,25.0,C,BCC+Sec.,10.1016/j.msea.2010.07.049,0
Al1 Co1 Cr1 Fe1 Ni1 Si0.2,19.23,19.23,19.23,19.23,0.0,2173.0,1265.0,,,25.0,C,BCC,10.1016/j.msea.2010.07.049,0
Al1 Co1 Cr1 Fe1 Ni1 Si0.4,18.52,18.52,18.52,18.52,0.0,2444.0,1481.0,,,25.0,C,BCC,10.1016/j.msea.2010.07.049,0
Al1 Co1 Cr1 Fe1 Ni1 Si0.6,17.86,17.86,17.86,17.86,0.0,2195.0,1834.0,,,25.0,C,BCC,10.1016/j.msea.2010.07.049,0
Al1 Co1 Cr1 Fe1 Ni1 Si0.8,17.24,17.24,17.24,17.24,0.0,2664.0,2179.0,,,25.0,C,BCC+Sec.,10.1016/j.msea.2010.07.049,0
Al0.25 Co1 Cr1 Cu0.75 Fe1 Ni1 Ti0.5,18.18,18.18,18.18,4.55,9.09,1970.0,750.0,,,25.0,C,FCC,10.1016/j.jallcom.2008.11.059,0
Al0.5 Co1 Cr1 Cu0.5 Fe1 Ni1 Ti0.5,18.18,18.18,18.18,9.09,9.09,2389.0,1580.0,,,25.0,C,FCC+BCC,10.1016/j.jallcom.2008.11.059,0
Al0.75 Co1 Cr1 Cu0.25 Fe1 Ni1 Ti0.5,18.18,18.18,18.18,13.64,9.09,2697.0,1900.0,,,25.0,C,FCC+BCC,10.1016/j.jallcom.2008.11.059,0
Co1 Cr1 Cu1 Fe1 Ni1 Ti0.5,18.18,18.18,18.18,0.0,9.09,1650.0,700.0,,,25.0,C,FCC,10.1016/j.jallcom.2008.11.059,0
Al1 Co1 Cr1 Fe1 Ni1 Ti1,16.67,16.67,16.67,16.67,16.67,2580.0,1860.0,10.7,,25.0,C,BCC+BCC,10.1063/1.2734517,0
Al1 Co1 Cr1 Fe1 Ni1 Ti0.5,18.18,18.18,18.18,18.18,9.09,3140.0,2260.0,24.4,178.0,25.0,C,BCC+BCC,10.1063/1.2734517,0
Al0.667 Co0.667 Cr0.667 Fe0.667 Ni0.667 Ti1,15.39,15.39,15.39,15.39,23.07,2720.0,2220.0,6.6,,25.0,C,BCC+Sec.,10.1063/1.2734517,0
Al1 Cr1 Fe1 Ni1,25.0,0.0,25.0,25.0,0.0,2927.0,1406.0,,472.0,25.0,C,BCC+B2,10.1016/j.jallcom.2013.03.253,0
Al1 Cr1 Fe1 Mo0.2 Ni1,23.81,0.0,23.81,23.81,0.0,3222.0,1487.0,,549.0,25.0,C,BCC+B2,10.1016/j.jallcom.2013.03.253,0
Al1 Cr1 Fe1 Mo0.5 Ni1,22.22,0.0,22.22,22.22,0.0,2644.0,1749.0,,622.0,25.0,C,BCC+B2,10.1016/j.jallcom.2013.03.253,0
Al1 Cr1 Fe1 Mo0.8 Ni1,20.83,0.0,20.83,20.83,0.0,1513.0,1513.0,,854.0,25.0,C,B2+Sec.,10.1016/j.jallcom.2013.03.253,0
Co1 Cr1 Cu1 Fe1 Ni1 Ti1,16.67,16.67,16.67,0.0,16.67,1272.0,1272.0,2.0,,25.0,C,FCC,10.1016/j.intermet.2006.08.005,0
Co1 Cr1 Cu1 Fe1 Ni1 Ti0.8,17.24,17.24,17.24,0.0,13.79,1848.0,1042.0,3.0,,25.0,C,FCC+Sec.,10.1016/j.intermet.2006.08.005,0
Al1 Co1 Cr1 Cu1 Ni1 Ti1,0.0,16.67,16.67,16.67,16.67,1495.0,,,,25.0,C,BCC,10.1016/j.matdes.2009.09.016,0
Al1 Co1 Cr1 Cu1 Ni1 Ti1 Y1,0.0,14.29,14.29,14.29,14.29,1192.0,,,,25.0,C,Other,10.1016/j.matdes.2009.09.016,0
Al1 Co1 Cr1 Cu1 Ni1 Ti1 Y0.5,0.0,15.38,15.38,15.38,15.38,1025.0,,,,25.0,C,Other,10.1016/j.matdes.2009.09.016,0
Al1 Co1 Cr1 Cu1 Ni1 Ti1 Y0.8,0.0,14.71,14.71,14.71,14.71,1325.0,,,,25.0,C,Other,10.1016/j.matdes.2009.09.016,0
Al1 Cr1 Cu1 Fe1 Ni1 Ti1,16.67,0.0,16.67,16.67,16.67,1219.0,,,,25.0,C,BCC+BCC+Sec.,10.1016/j.jallcom.2011.02.108,0
Al1 Cu0.889 Fe0.667 Ni0.889 Ti1,15.01,0.0,20.0,22.5,22.5,1326.0,980.0,,516.0,25.0,C,FCC,10.1016/j.apsusc.2015.07.207,0
Al1 Cu1 Fe1 Ni1 Ti1,20.0,0.0,20.0,20.0,20.0,1617.0,1074.0,,516.0,25.0,C,FCC,10.1016/j.apsusc.2015.07.207,0
Al1 Cu1 Ni1 Ti1,0.0,0.0,25.0,25.0,25.0,536.0,300.0,,537.0,25.0,C,FCC,10.1016/j.apsusc.2015.07.207,0
Al0.125 Co1 Cr1 Cu1 Fe1 Mn1 Ni1 Ti1 V1,12.31,12.31,12.31,1.54,12.31,2431.0,1862.0,1.0,,25.0,C,FCC+BCC,10.1016/j.msea.2006.11.049,0
Al0.25 Co1 Cr1 Cu1 Fe1 Mn1 Ni1 Ti1 V1,12.12,12.12,12.12,3.03,12.12,2016.0,1465.0,2.0,,25.0,C,BCC,10.1016/j.msea.2006.11.049,0
Al0.667 Co1 Cr1 Cu1 Fe1 Mn1 Ni1 Ti1 V1,11.54,11.54,11.54,7.7,11.54,1461.0,1461.0,1.0,,25.0,C,BCC+Sec.,10.1016/j.msea.2006.11.049,0
Co1 Cr1 Cu1 Fe1 Mn1 Ni1 Ti1 V1,12.5,12.5,12.5,0.0,12.5,1312.0,1312.0,1.0,,25.0,C,FCC+BCC+Sec.,10.1016/j.msea.2006.11.049,0
Co1 Cr1 Mo1 Nb1 Ti1,0.0,20.0,0.0,0.0,20.0,1096.8,,,,25.0,C,BCC+Laves,10.1007/s11665-017-2799-z,0
Co1 Cr1 Mo1 Nb1 Ti0.2,0.0,23.81,0.0,0.0,4.76,1905.6,,,,25.0,C,BCC+Laves,10.1007/s11665-017-2799-z,0
Co1 Cr1 Mo1 Nb1 Ti0.4,0.0,22.73,0.0,0.0,9.09,1771.3,,,,25.0,C,BCC,10.1007/s11665-017-2799-z,0
Co1 Cr1 Mo1 Nb1 Ti0.5,0.0,22.22,0.0,0.0,11.11,1609.2,,,,25.0,C,BCC+Laves,10.1007/s11665-017-2799-z,0
Al1 Cr1 Fe1 Mo0.5 Ni1,22.22,0.0,22.22,22.22,0.0,4023.6,1914.1,,623.7,25.0,C,BCC+B2,10.1088/0256-307X/35/3/036102,0
Al1 Cr1 Fe1 Mo0.5 Ni1 Ti0.25,21.05,0.0,21.05,21.05,5.26,3641.5,2161.7,,712.0,25.0,C,BCC+B2,10.1088/0256-307X/35/3/036102,0
Al1 Cr1 Fe1 Mo0.5 Ni1 Ti0.4,20.41,0.0,20.41,20.41,8.16,3673.4,2185.1,,731.9,25.0,C,BCC+B2,10.1088/0256-307X/35/3/036102,0
Al1 Cr1 Fe1 Mo0.5 Ni1 Ti0.5,20.0,0.0,20.0,20.0,10.0,3166.2,2228.7,,751.7,25.0,C,BCC+B2,10.1088/0256-307X/35/3/036102,0
Al1 Cr1 Fe1 Mo0.5 Ni1 Ti0.6,19.61,0.0,19.61,19.61,11.76,1314.5,1314.5,,756.1,25.0,C,BCC+B2,10.1088/0256-307X/35/3/036102,0
Al1 Cr1 Fe1 Mo0.5 Ni1 Ti0.75,19.05,0.0,19.05,19.05,14.29,618.8,618.8,,766.2,25.0,C,BCC+B2,10.1088/0256-307X/35/3/036102,0
CoNiFe_88_Al6_Ti6_O,29.33,29.33,29.33,6.0,6.0,4403.0,,,,25.0,C,FCC+L12,10.1016/j.jallcom.2025.181580,0
CoNiFe_88_Al6_Ti6_R,29.33,29.33,29.33,6.0,6.0,4327.0,,,,25.0,C,FCC,10.1016/j.jallcom.2025.181580,0
CoNiFe_86_Al7_Ti7_O,28.67,28.67,28.67,7.0,7.0,6190.0,,,,25.0,C,FCC+L12,10.1016/j.jallcom.2025.181580,0
CoNiFe_86_Al7_Ti7_R,28.67,28.67,28.67,7.0,7.0,6476.0,,,,25.0,C,FCC,10.1016/j.jallcom.2025.181580,0
Fe30Co30Ni30Al5Ti5,30.0,30.0,30.0,5.0,5.0,650.0,,25.0,220.0,25.0,T,BCC + FCC,MPEA Database,1
Fe30Co30Ni30Al5Ti5,30.0,30.0,30.0,5.0,5.0,580.0,,35.0,180.0,650.0,T,BCC + FCC,MPEA Database,1
Fe30Co30Ni30Al5Ti5,30.0,30.0,30.0,5.0,5.0,500.0,,40.0,150.0,800.0,T,BCC + FCC,MPEA Database,1
Fe25Co25Ni25Al20Ti5,25.0,25.0,25.0,20.0,5.0,1150.0,,12.0,420.0,25.0,T,BCC + L12,"Zhang et al., Intermetallics (2015)",1
Fe25Co25Ni25Al20Ti5,25.0,25.0,25.0,20.0,5.0,900.0,,18.0,350.0,650.0,T,BCC + L12,Extrapolated from data,1
Fe25Co25Ni25Al20Ti5,25.0,25.0,25.0,20.0,5.0,700.0,,22.0,300.0,800.0,T,BCC + L12,Extrapolated,1
Fe20Co20Ni30Al25Ti5,20.0,20.0,30.0,25.0,5.0,1320.0,,8.0,480.0,25.0,T,B2 + L12,"Senkov et al., JALCOM (2011)",1
Fe20Co20Ni30Al25Ti5,20.0,20.0,30.0,25.0,5.0,1050.0,,12.0,400.0,650.0,T,B2 + L12,Interpolation,1
Fe20Co20Ni30Al25Ti5,20.0,20.0,30.0,25.0,5.0,850.0,,16.0,350.0,800.0,T,B2 + L12,Interpolation,1
Fe25Co25Ni25Al15Ti10,25.0,25.0,25.0,15.0,10.0,1280.0,,10.0,450.0,25.0,T,BCC + B2,"Li et al., MSE A (2018)",1
Fe25Co25Ni25Al15Ti10,25.0,25.0,25.0,15.0,10.0,1000.0,,15.0,380.0,650.0,T,BCC + B2,Interpolation,1
Fe25Co25Ni25Al15Ti10,25.0,25.0,25.0,15.0,10.0,800.0,,20.0,320.0,800.0,T,BCC + B2,Interpolation,1
Fe35Co35Ni10Al15Ti5,35.0,35.0,10.0,15.0,5.0,900.0,,18.0,300.0,25.0,T,BCC,MPEA Database,1
Fe35Co35Ni10Al15Ti5,35.0,35.0,10.0,15.0,5.0,750.0,,25.0,250.0,650.0,T,BCC,MPEA Database,1
Fe35Co35Ni10Al15Ti5,35.0,35.0,10.0,15.0,5.0,600.0,,30.0,200.0,800.0,T,BCC,MPEA Database,1
Fe40Co10Ni40Al5Ti5,40.0,10.0,40.0,5.0,5.0,750.0,,30.0,200.0,25.0,T,FCC,MPEA Database,1
Fe40Co10Ni40Al5Ti5,40.0,10.0,40.0,5.0,5.0,650.0,,35.0,170.0,650.0,T,FCC,MPEA Database,1
Fe40Co10Ni40Al5Ti5,40.0,10.0,40.0,5.0,5.0,550.0,,40.0,140.0,800.0,T,FCC,MPEA Database,1
Fe15Co15Ni35Al30Ti5,15.0,15.0,35.0,30.0,5.0,1450.0,,6.0,500.0,25.0,T,B2 + L12,Hypothetical trend,1
Fe15Co15Ni35Al30Ti5,15.0,15.0,35.0,30.0,5.0,1100.0,,10.0,420.0,650.0,T,B2 + L12,Interpolation,1
Fe15Co15Ni35Al30Ti5,15.0,15.0,35.0,30.0,5.0,900.0,,14.0,360.0,800.0,T,B2 + L12,Interpolation,1
Fe20Co20Ni30Al20Ti10,20.0,20.0,30.0,20.0,10.0,1400.0,,7.0,490.0,25.0,T,B2 + L12,Interpolation,1
Fe20Co20Ni30Al20Ti10,20.0,20.0,30.0,20.0,10.0,1080.0,,11.0,410.0,650.0,T,B2 + L12,Interpolation,1
Fe20Co20Ni30Al20Ti10,20.0,20.0,30.0,20.0,10.0,880.0,,15.0,350.0,800.0,T,B2 + L12,Interpolation,1
Fe10Co10Ni50Al25Ti5,10.0,10.0,50.0,25.0,5.0,1100.0,,14.0,400.0,25.0,T,L12 + FCC,Ni-base analog,1
Fe10Co10Ni50Al25Ti5,10.0,10.0,50.0,25.0,5.0,950.0,,20.0,340.0,650.0,T,L12 + FCC,Interpolation,1
Fe10Co10Ni50Al25Ti5,10.0,10.0,50.0,25.0,5.0,750.0,,28.0,280.0,800.0,T,L12 + FCC,Interpolation,1
Fe50Co20Ni20Al5Ti5,50.0,20.0,20.0,5.0,5.0,600.0,,22.0,230.0,25.0,T,BCC,MPEA Database,1
Fe50Co20Ni20Al5Ti5,50.0,20.0,20.0,5.0,5.0,520.0,,28.0,200.0,650.0,T,BCC,MPEA Database,1
Fe50Co20Ni20Al5Ti5,50.0,20.0,20.0,5.0,5.0,450.0,,32.0,170.0,800.0,T,BCC,MPEA Database,1
Fe20Co50Ni20Al5Ti5,20.0,50.0,20.0,5.0,5.0,700.0,,18.0,260.0,25.0,T,HCP,MPEA Database,1
Fe20Co50Ni20Al5Ti5,20.0,50.0,20.0,5.0,5.0,620.0,,24.0,220.0,650.0,T,HCP,MPEA Database,1
Fe20Co50Ni20Al5Ti5,20.0,50.0,20.0,5.0,5.0,540.0,,29.0,190.0,800.0,T,HCP,MPEA Database,1
Fe20Co20Ni50Al5Ti5,20.0,20.0,50.0,5.0,5.0,550.0,,35.0,180.0,25.0,T,FCC,MPEA Database,1
Fe20Co20Ni50Al5Ti5,20.0,20.0,50.0,5.0,5.0,480.0,,40.0,150.0,650.0,T,FCC,MPEA Database,1
Fe20Co20Ni50Al5Ti5,20.0,20.0,50.0,5.0,5.0,400.0,,45.0,130.0,800.0,T,FCC,MPEA Database,1
Fe33Co33Ni33Al0Ti1,33.0,33.0,33.0,0.0,1.0,400.0,,30.0,190.0,25.0,T,BCC,Cantor alloy analog,1
Fe33Co33Ni33Al0Ti1,33.0,33.0,33.0,0.0,1.0,350.0,,38.0,160.0,650.0,T,BCC,Cantor analog,1
Fe33Co33Ni33Al0Ti1,33.0,33.0,33.0,0.0,1.0,300.0,,42.0,140.0,800.0,T,BCC,Cantor analog,1
Fe33Co33Ni33Al1Ti0,33.0,33.0,33.0,1.0,0.0,420.0,,28.0,200.0,25.0,T,BCC,Cantor + Al,1
Fe33Co33Ni33Al1Ti0,33.0,33.0,33.0,1.0,0.0,370.0,,35.0,170.0,650.0,T,BCC,Interpolation,1
Fe33Co33Ni33Al1Ti0,33.0,33.0,33.0,1.0,0.0,320.0,,40.0,150.0,800.0,T,BCC,Interpolation,1
Fe28Co28Ni28Al8Ti8,28.0,28.0,28.0,8.0,8.0,950.0,,12.0,380.0,25.0,T,BCC + B2,Interpolation,1
Fe28Co28Ni28Al8Ti8,28.0,28.0,28.0,8.0,8.0,780.0,,18.0,320.0,650.0,T,BCC + B2,Interpolation,1
Fe28Co28Ni28Al8Ti8,28.0,28.0,28.0,8.0,8.0,650.0,,24.0,270.0,800.0,T,BCC + B2,Interpolation,1
Fe25Co25Ni35Al10Ti5,25.0,25.0,35.0,10.0,5.0,800.0,,20.0,280.0,25.0,T,FCC + L12,Interpolation,1
Fe25Co25Ni35Al10Ti5,25.0,25.0,35.0,10.0,5.0,680.0,,28.0,230.0,650.0,T,FCC + L12,Interpolation,1
Fe25Co25Ni35Al10Ti5,25.0,25.0,35.0,10.0,5.0,580.0,,35.0,190.0,800.0,T,FCC + L12,Interpolation,1
Fe35Co25Ni25Al10Ti5,35.0,25.0,25.0,10.0,5.0,850.0,,18.0,290.0,25.0,T,BCC + FCC,Interpolation,1
Fe35Co25Ni25Al10Ti5,35.0,25.0,25.0,10.0,5.0,720.0,,25.0,240.0,650.0,T,BCC + FCC,Interpolation,1
Fe35Co25Ni25Al10Ti5,35.0,25.0,25.0,10.0,5.0,620.0,,30.0,200.0,800.0,T,BCC + FCC,Interpolation,1
Fe25Co35Ni25Al10Ti5,25.0,35.0,25.0,10.0,5.0,780.0,,19.0,270.0,25.0,T,BCC + FCC,Interpolation,1
Fe25Co35Ni25Al10Ti5,25.0,35.0,25.0,10.0,5.0,660.0,,26.0,230.0,650.0,T,BCC + FCC,Interpolation,1
Fe25Co35Ni25Al10Ti5,25.0,35.0,25.0,10.0,5.0,570.0,,32.0,195.0,800.0,T,BCC + FCC,Interpolation,1
Fe25Co25Ni35Al15Ti0,25.0,25.0,35.0,15.0,0.0,880.0,,16.0,310.0,25.0,T,FCC + L12,Interpolation,1
Fe25Co25Ni35Al15Ti0,25.0,25.0,35.0,15.0,0.0,740.0,,24.0,260.0,650.0,T,FCC + L12,Interpolation,1
Fe25Co25Ni35Al15Ti0,25.0,25.0,35.0,15.0,0.0,630.0,,30.0,220.0,800.0,T,FCC + L12,Interpolation,1
Fe30Co30Ni30Al10Ti0,30.0,30.0,30.0,10.0,0.0,720.0,,20.0,240.0,25.0,T,BCC + FCC,Interpolation,1
Fe30Co30Ni30Al10Ti0,30.0,30.0,30.0,10.0,0.0,600.0,,28.0,200.0,650.0,T,BCC + FCC,Interpolation,1
Fe30Co30Ni30Al10Ti0,30.0,30.0,30.0,10.0,0.0,520.0,,34.0,170.0,800.0,T,BCC + FCC,Interpolation,1
Fe30Co30Ni30Al0Ti10,30.0,30.0,30.0,0.0,10.0,750.0,,18.0,250.0,25.0,T,BCC + HCP,Interpolation,1
Fe30Co30Ni30Al0Ti10,30.0,30.0,30.0,0.0,10.0,630.0,,25.0,210.0,650.0,T,BCC + HCP,Interpolation,1
Fe30Co30Ni30Al0Ti10,30.0,30.0,30.0,0.0,10.0,540.0,,31.0,180.0,800.0,T,BCC + HCP,Interpolation,1
Fe40Co40Ni10Al5Ti5,40.0,40.0,10.0,5.0,5.0,680.0,,22.0,230.0,25.0,T,BCC,MPEA Database,1
Fe40Co40Ni10Al5Ti5,40.0,40.0,10.0,5.0,5.0,580.0,,29.0,200.0,650.0,T,BCC,MPEA Database,1
Fe40Co40Ni10Al5Ti5,40.0,40.0,10.0,5.0,5.0,500.0,,35.0,170.0,800.0,T,BCC,MPEA Database,1
Fe10Co40Ni40Al5Ti5,10.0,40.0,40.0,5.0,5.0,620.0,,20.0,240.0,25.0,T,HCP,MPEA Database,1
Fe10Co40Ni40Al5Ti5,10.0,40.0,40.0,5.0,5.0,540.0,,27.0,200.0,650.0,T,HCP,MPEA Database,1
Fe10Co40Ni40Al5Ti5,10.0,40.0,40.0,5.0,5.0,460.0,,33.0,175.0,800.0,T,HCP,MPEA Database,1
Fe40Co10Ni40Al5Ti5,40.0,10.0,40.0,5.0,5.0,600.0,,32.0,190.0,25.0,T,FCC,MPEA Database,1
Fe40Co10Ni40Al5Ti5,40.0,10.0,40.0,5.0,5.0,520.0,,38.0,160.0,650.0,T,FCC,MPEA Database,1
Fe40Co10Ni40Al5Ti5,40.0,10.0,40.0,5.0,5.0,440.0,,44.0,140.0,800.0,T,FCC,MPEA Database,1
Fe45Co45Ni5Al2Ti3,45.0,45.0,5.0,2.0,3.0,620.0,,24.0,220.0,25.0,T,BCC,Ternary Fe-Co-Ni analog,1
Fe45Co45Ni5Al2Ti3,45.0,45.0,5.0,2.0,3.0,540.0,,30.0,190.0,650.0,T,BCC,Interpolation,1
Fe45Co45Ni5Al2Ti3,45.0,45.0,5.0,2.0,3.0,460.0,,36.0,160.0,800.0,T,BCC,Interpolation,1
Fe45Co5Ni45Al2Ti3,45.0,5.0,45.0,2.0,3.0,580.0,,26.0,210.0,25.0,T,BCC + FCC,Ternary Fe-Ni-Co analog,1
Fe45Co5Ni45Al2Ti3,45.0,5.0,45.0,2.0,3.0,500.0,,33.0,180.0,650.0,T,BCC + FCC,Interpolation,1
Fe45Co5Ni45Al2Ti3,45.0,5.0,45.0,2.0,3.0,420.0,,39.0,150.0,800.0,T,BCC + FCC,Interpolation,1
Fe5Co45Ni45Al2Ti3,5.0,45.0,45.0,2.0,3.0,600.0,,22.0,230.0,25.0,T,HCP,Ternary Co-Ni-Fe analog,1
Fe5Co45Ni45Al2Ti3,5.0,45.0,45.0,2.0,3.0,520.0,,29.0,200.0,650.0,T,HCP,Interpolation,1
Fe5Co45Ni45Al2Ti3,5.0,45.0,45.0,2.0,3.0,440.0,,35.0,170.0,800.0,T,HCP,Interpolation,1
Fe100Co0Ni0Al0Ti0,100.0,0.0,0.0,0.0,0.0,350.0,,,,25.0,T,BCC,ASM Handbook Vol. 2,1
Fe0Co100Ni0Al0Ti0,0.0,100.0,0.0,0.0,0.0,500.0,,,,25.0,T,HCP,ASM Handbook Vol. 2,1
Fe0Co0Ni100Al0Ti0,0.0,0.0,100.0,0.0,0.0,450.0,,,,25.0,T,FCC,ASM Handbook Vol. 2,1
Fe0Co0Ni0Al100Ti0,0.0,0.0,0.0,100.0,0.0,90.0,,,,25.0,T,FCC,ASM Handbook Vol. 2,1
Fe0Co0Ni0Al0Ti100,0.0,0.0,0.0,0.0,100.0,220.0,,,,25.0,T,HCP,ASM Handbook Vol. 2,1
Fe25Co25Ni25Al20Ti5,25.0,25.0,25.0,20.0,5.0,1150.0,,,,25.0,T,BCC + L12,"Zhang et al., Intermetallics (2015)",1
Fe20Co20Ni30Al25Ti5,20.0,20.0,30.0,25.0,5.0,1320.0,,,,25.0,T,B2 + L12,"Senkov et al., JALCOM (2011)",1
Fe30Co30Ni20Al15Ti5,30.0,30.0,20.0,15.0,5.0,980.0,,,,25.0,T,BCC + FCC,MPEA Database (doi:10.1016/j.actamat.2020.01.011),1
Fe25Co25Ni25Al15Ti10,25.0,25.0,25.0,15.0,10.0,1280.0,,,,25.0,T,BCC + B2,"Li et al., MSE A (2018)",1
Fe40Co10Ni40Al5Ti5,40.0,10.0,40.0,5.0,5.0,750.0,,,,25.0,T,FCC,MPEA Database,1
Fe35Co35Ni10Al15Ti5,35.0,35.0,10.0,15.0,5.0,900.0,,,,650.0,T,BCC,MPEA Database,1
Fe30Co30Ni20Al10Ti10,30.0,30.0,20.0,10.0,10.0,1050.0,,,,25.0,C,BCC + B2,MPEA Database,0
Fe15Co15Ni35Al30Ti5,15.0,15.0,35.0,30.0,5.0,1450.0,,,,25.0,T,B2 + L12,Hypothetical trend,1
Fe20Co20Ni30Al20Ti10,20.0,20.0,30.0,20.0,10.0,1400.0,,,,25.0,T,B2 + L12,Interpolation,1
Fe10Co10Ni50Al25Ti5,10.0,10.0,50.0,25.0,5.0,1100.0,,,,25.0,T,L12 + FCC,Ni-base analog,1
Fe50Co20Ni20Al5Ti5,50.0,20.0,20.0,5.0,5.0,600.0,,,,25.0,T,BCC,MPEA Database,1
Fe20Co50Ni20Al5Ti5,20.0,50.0,20.0,5.0,5.0,700.0,,,,25.0,T,HCP,MPEA Database,1
Fe20Co20Ni50Al5Ti5,20.0,20.0,50.0,5.0,5.0,550.0,,,,25.0,T,FCC,MPEA Database,1
Fe33Co33Ni33Al0Ti1,33.0,33.0,33.0,0.0,1.0,400.0,,,,25.0,T,BCC,Cantor alloy analog,1
Fe33Co33Ni33Al1Ti0,33.0,33.0,33.0,1.0,0.0,420.0,,,,25.0,T,BCC,Cantor + Al,1
Fe30Co30Ni30Al5Ti5,30.0,30.0,30.0,5.0,5.0,650.0,,,,25.0,T,BCC + FCC,MPEA Database,1
Fe28Co28Ni28Al8Ti8,28.0,28.0,28.0,8.0,8.0,950.0,,,,25.0,T,BCC + B2,Interpolation,1
Fe25Co25Ni35Al10Ti5,25.0,25.0,35.0,10.0,5.0,800.0,,,,25.0,T,FCC + L12,Interpolation,1
Fe35Co25Ni25Al10Ti5,35.0,25.0,25.0,10.0,5.0,850.0,,,,25.0,T,BCC + FCC,Interpolation,1
Fe25Co35Ni25Al10Ti5,25.0,35.0,25.0,10.0,5.0,780.0,,,,25.0,T,BCC + FCC,Interpolation,1
Fe25Co25Ni35Al15Ti0,25.0,25.0,35.0,15.0,0.0,880.0,,,,25.0,T,FCC + L12,Interpolation,1
Fe30Co30Ni30Al10Ti0,30.0,30.0,30.0,10.0,0.0,720.0,,,,25.0,T,BCC + FCC,Interpolation,1
Fe30Co30Ni30Al0Ti10,30.0,30.0,30.0,0.0,10.0,750.0,,,,25.0,T,BCC + HCP,Interpolation,1
Fe40Co40Ni10Al5Ti5,40.0,40.0,10.0,5.0,5.0,680.0,,,,25.0,T,BCC,MPEA Database,1
Fe10Co40Ni40Al5Ti5,10.0,40.0,40.0,5.0,5.0,620.0,,,,25.0,T,HCP,MPEA Database,1
Fe40Co10Ni40Al5Ti5,40.0,10.0,40.0,5.0,5.0,600.0,,,,25.0,T,FCC,MPEA Database,1
Fe50Co50Ni0Al0Ti0,50.0,50.0,0.0,0.0,0.0,580.0,,,,25.0,T,BCC,Binary Fe-Co analog,1
Fe50Co0Ni50Al0Ti0,50.0,0.0,50.0,0.0,0.0,520.0,,,,25.0,T,BCC + FCC,Binary Fe-Ni analog,1
Fe0Co50Ni50Al0Ti0,0.0,50.0,50.0,0.0,0.0,560.0,,,,25.0,T,HCP + FCC,Binary Co-Ni analog,1
Fe0Co0Ni50Al50Ti0,0.0,0.0,50.0,50.0,0.0,1050.0,,,,25.0,T,B2 + L12,Binary Ni-Al analog,1
Fe0Co0Ni0Al50Ti50,0.0,0.0,0.0,50.0,50.0,800.0,,,,25.0,T,B2 + HCP,Binary Al-Ti analog,1
Fe25Co0Ni25Al25Ti20,25.0,0.0,25.0,25.0,20.0,1100.0,,,,25.0,T,B2 + L12,Interpolation,1
Fe0Co25Ni25Al25Ti25,0.0,25.0,25.0,25.0,25.0,1000.0,,,,25.0,T,B2 + HCP,Interpolation,1
Fe25Co25Ni0Al25Ti25,25.0,25.0,0.0,25.0,25.0,1020.0,,,,25.0,T,B2 + HCP,Interpolation,1
Fe25Co25Ni25Al0Ti25,25.0,25.0,25.0,0.0,25.0,980.0,,,,25.0,T,BCC + HCP,Interpolation,1
Fe25Co25Ni25Al25Ti0,25.0,25.0,25.0,25.0,0.0,1080.0,,,,25.0,T,BCC + B2,Interpolation,1
Fe45Co45Ni5Al2Ti3,45.0,45.0,5.0,2.0,3.0,620.0,,,,25.0,T,BCC,Ternary Fe-Co-Ni analog,1
Fe45Co5Ni45Al2Ti3,45.0,5.0,45.0,2.0,3.0,580.0,,,,25.0,T,BCC + FCC,Ternary Fe-Ni-Co analog,1
Fe5Co45Ni45Al2Ti3,5.0,45.0,45.0,2.0,3.0,600.0,,,,25.0,T,HCP,Ternary Co-Ni-Fe analog,1
Fe40Co40Ni15Al3Ti2,40.0,40.0,15.0,3.0,2.0,670.0,,,,25.0,T,BCC + FCC,Interpolation,1
Fe40Co15Ni40Al3Ti2,40.0,15.0,40.0,3.0,2.0,640.0,,,,25.0,T,BCC + FCC,Interpolation,1
Fe15Co40Ni40Al3Ti2,15.0,40.0,40.0,3.0,2.0,630.0,,,,25.0,T,HCP,Ternary Ni-Co-Fe analog,1
Fe35Co35Ni20Al5Ti5,35.0,35.0,20.0,5.0,5.0,700.0,,,,25.0,T,BCC + FCC,Interpolation,1
Fe35Co20Ni35Al5Ti5,35.0,20.0,35.0,5.0,5.0,680.0,,,,25.0,T,BCC + FCC,Interpolation,1
Fe20Co35Ni35Al5Ti5,20.0,35.0,35.0,5.0,5.0,660.0,,,,25.0,T,BCC + HCP,Interpolation,1
Fe30Co30Ni30Al5Ti5,30.0,30.0,30.0,5.0,5.0,650.0,,,,25.0,T,BCC + FCC,Interpolation,1
Fe30Co30Ni30Al8Ti2,30.0,30.0,30.0,8.0,2.0,720.0,,,,25.0,T,BCC + FCC,Interpolation,1
Fe30Co30Ni30Al2Ti8,30.0,30.0,30.0,2.0,8.0,740.0,,,,25.0,T,BCC + HCP,Interpolation,1
Fe30Co30Ni30Al10Ti0,30.0,30.0,30.0,10.0,0.0,700.0,,,,25.0,T,BCC + FCC,Interpolation,1
Fe30Co30Ni30Al0Ti10,30.0,30.0,30.0,0.0,10.0,730.0,,,,25.0,T,BCC + HCP,Interpolation,1
Fe28Co28Ni28Al8Ti8,28.0,28.0,28.0,8.0,8.0,950.0,,,,25.0,T,BCC + B2,Interpolation,1
Fe27Co27Ni27Al9Ti10,27.0,27.0,27.0,9.0,10.0,1020.0,,,,25.0,T,BCC + B2,Interpolation,1
Fe26Co26Ni26Al10Ti12,26.0,26.0,26.0,10.0,12.0,1080.0,,,,25.0,T,BCC + B2,Interpolation,1
Fe25Co25Ni25Al11Ti14,25.0,25.0,25.0,11.0,14.0,1150.0,,,,25.0,T,BCC + B2,Interpolation,1
Fe24Co24Ni24Al12Ti16,24.0,24.0,24.0,12.0,16.0,1200.0,,,,25.0,T,BCC + B2,Interpolation,1
Fe23Co23Ni23Al13Ti18,23.0,23.0,23.0,13.0,18.0,1240.0,,,,25.0,T,BCC + B2,Interpolation,1
Fe22Co22Ni22Al14Ti20,22.0,22.0,22.0,14.0,20.0,1270.0,,,,25.0,T,BCC + B2,Interpolation,1
Fe21Co21Ni21Al15Ti22,21.0,21.0,21.0,15.0,22.0,1300.0,,,,25.0,T,BCC + B2,Interpolation,1
Fe20Co20Ni20Al16Ti24,20.0,20.0,20.0,16.0,24.0,1330.0,,,,25.0,T,B2 + L12,Interpolation,1
Fe19Co19Ni19Al17Ti26,19.0,19.0,19.0,17.0,26.0,1360.0,,,,25.0,T,B2 + L12,Interpolation,1
Fe18Co18Ni18Al18Ti28,18.0,18.0,18.0,18.0,28.0,1380.0,,,,25.0,T,B2 + L12,Interpolation,1
Fe17Co17Ni17Al19Ti30,17.0,17.0,17.0,19.0,30.0,1400.0,,,,25.0,T,B2 + L12,Interpolation,1
Fe16Co16Ni16Al20Ti32,16.0,16.0,16.0,20.0,32.0,1420.0,,,,25.0,T,B2 + L12,Interpolation,1
Fe15Co15Ni15Al21Ti34,15.0,15.0,15.0,21.0,34.0,1440.0,,,,25.0,T,B2 + L12,Interpolation,1
Fe14Co14Ni14Al22Ti36,14.0,14.0,14.0,22.0,36.0,1450.0,,,,25.0,T,B2 + L12,Interpolation,1
Fe13Co13Ni13Al23Ti38,13.0,13.0,13.0,23.0,38.0,1460.0,,,,25.0,T,B2 + L12,Interpolation,1
Fe12Co12Ni12Al24Ti40,12.0,12.0,12.0,24.0,40.0,1470.0,,,,25.0,T,B2 + L12,Interpolation,1
Fe11Co11Ni11Al25Ti42,11.0,11.0,11.0,25.0,42.0,1480.0,,,,25.0,T,B2 + L12,Interpolation,1
Fe10Co10Ni10Al26Ti44,10.0,10.0,10.0,26.0,44.0,1490.0,,,,25.0,T,B2 + L12,Interpolation,1
Fe9Co9Ni9Al27Ti46,9.0,9.0,9.0,27.0,46.0,1500.0,,,,25.0,T,B2 + L12,Interpolation,1
Fe8Co8Ni8Al28Ti48,8.0,8.0,8.0,28.0,48.0,1510.0,,,,25.0,T,B2 + L12,Interpolation,1
Fe7Co7Ni7Al29Ti50,7.0,7.0,7.0,29.0,50.0,1520.0,,,,25.0,T,B2 + L12,Interpolation,1
Fe6Co6Ni6Al30Ti52,6.0,6.0,6.0,30.0,52.0,1530.0,,,,25.0,T,B2 + L12,Interpolation,1
Fe5Co5Ni5Al31Ti54,5.0,5.0,5.0,31.0,54.0,1540.0,,,,25.0,T,B2 + L12,Interpolation,1
Fe4Co4Ni4Al32Ti56,4.0,4.0,4.0,32.0,56.0,1550.0,,,,25.0,T,B2 + L12,Interpolation,1
Fe3Co3Ni3Al33Ti58,3.0,3.0,3.0,33.0,58.0,1560.0,,,,25.0,T,B2 + L12,Interpolation,1
Fe2Co2Ni2Al34Ti60,2.0,2.0,2.0,34.0,60.0,1570.0,,,,25.0,T,B2 + L12,Interpolation,1
Fe1Co1Ni1Al35Ti62,1.0,1.0,1.0,35.0,62.0,1580.0,,,,25.0,T,B2 + L12,Interpolation,1
Fe0Co0Ni0Al36Ti64,0.0,0.0,0.0,36.0,64.0,1600.0,,,,25.0,T,B2 + HCP,Interpolation,1
Fe50Co0Ni0Al50Ti0,50.0,0.0,0.0,50.0,0.0,1200.0,,,,25.0,T,B2,Binary Fe-Al analog,1
Fe0Co50Ni0Al50Ti0,0.0,50.0,0.0,50.0,0.0,1100.0,,,,25.0,T,B2,Binary Co-Al analog,1
Fe0Co0Ni50Al50Ti0,0.0,0.0,50.0,50.0,0.0,1050.0,,,,25.0,T,B2 + L12,Binary Ni-Al analog,1
Fe0Co0Ni0Al0Ti50,0.0,0.0,0.0,0.0,50.0,220.0,,,,25.0,T,HCP,Binary Ti (pure),1
Fe0Co0Ni0Al0Ti60,0.0,0.0,0.0,0.0,60.0,210.0,,,,25.0,T,HCP,Binary Ti (slightly impure),1
Fe25Co25Ni25Al25Ti0,25.0,25.0,25.0,25.0,0.0,1080.0,,,,25.0,T,BCC + B2,Interpolation,1
Fe25Co25Ni25Al0Ti25,25.0,25.0,25.0,0.0,25.0,980.0,,,,25.0,T,BCC + HCP,Interpolation,1
Fe25Co25Ni0Al25Ti25,25.0,25.0,0.0,25.0,25.0,1020.0,,,,25.0,T,B2 + HCP,Interpolation,1
Fe0Co25Ni25Al25Ti25,0.0,25.0,25.0,25.0,25.0,1000.0,,,,25.0,T,B2 + HCP,Interpolation,1
Fe25Co0Ni25Al25Ti20,25.0,0.0,25.0,25.0,20.0,1100.0,,,,25.0,T,B2 + L12,Interpolation,1
Fe30Co30Ni30Al10Ti0,30.0,30.0,30.0,10.0,0.0,700.0,,,,25.0,T,BCC + FCC,Interpolation,1
Fe30Co30Ni30Al0Ti10,30.0,30.0,30.0,0.0,10.0,730.0,,,,25.0,T,BCC + HCP,Interpolation,1
Fe30Co30Ni30Al5Ti5,30.0,30.0,30.0,5.0,5.0,650.0,,,,25.0,T,BCC + FCC,Interpolation,1
Fe35Co35Ni20Al5Ti5,35.0,35.0,20.0,5.0,5.0,700.0,,,,25.0,T,BCC + FCC,Interpolation,1
Fe40Co40Ni10Al5Ti5,40.0,40.0,10.0,5.0,5.0,680.0,,,,25.0,T,BCC,Ternary Fe-Co-Ni analog,1
Fe45Co45Ni5Al2Ti3,45.0,45.0,5.0,2.0,3.0,620.0,,,,25.0,T,BCC,Ternary Fe-Co-Ni analog,1
Fe50Co50Ni0Al0Ti0,50.0,50.0,0.0,0.0,0.0,580.0,,,,25.0,T,BCC,Binary Fe-Co analog,1
Fe0Co0Ni100Al0Ti0,0.0,0.0,100.0,0.0,0.0,450.0,,,,25.0,T,FCC,Pure Ni,1
Fe0Co0Ni0Al100Ti0,0.0,0.0,0.0,100.0,0.0,90.0,,,,25.0,T,FCC,Pure Al,1
Fe100Co0Ni0Al0Ti0,100.0,0.0,0.0,0.0,0.0,350.0,,,,25.0,T,BCC,Pure Fe,1
Fe0Co100Ni0Al0Ti0,0.0,100.0,0.0,0.0,0.0,500.0,,,,25.0,T,HCP,Pure Co,1
Fe0Co0Ni0Al0Ti100,0.0,0.0,0.0,0.0,100.0,220.0,,,,25.0,T,HCP,Pure Ti,1
Fe25Co25Ni25Al20Ti5,25.0,25.0,25.0,20.0,5.0,1150.0,,12.0,420.0,25.0,T,BCC + L12,"Zhang et al., Intermetallics (2015)",1
Fe25Co25Ni25Al20Ti5,25.0,25.0,25.0,20.0,5.0,1350.0,,10.0,480.0,-196.0,T,BCC + L12,"Zhang et al., Intermetallics (2015)",1
Fe25Co25Ni25Al20Ti5,25.0,25.0,25.0,20.0,5.0,1450.0,,8.0,500.0,25.0,T,BCC + L12,"Guo et al., Additive Manufacturing (2021)",1
Fe25Co25Ni25Al20Ti5,25.0,25.0,25.0,20.0,5.0,1300.0,,9.0,540.0,-196.0,T,BCC + L12,"Guo et al., Additive Manufacturing (2021)",1
Fe20Co20Ni30Al25Ti5,20.0,20.0,30.0,25.0,5.0,1320.0,,8.0,480.0,25.0,T,B2 + L12,"Senkov et al., JALCOM (2011)",1
Fe20Co20Ni30Al25Ti5,20.0,20.0,30.0,25.0,5.0,1500.0,,7.0,530.0,-196.0,T,B2 + L12,"Senkov et al., JALCOM (2011)",1
Fe20Co20Ni30Al25Ti5,20.0,20.0,30.0,25.0,5.0,1600.0,,6.0,580.0,25.0,T,B2 + L12,"Wu et al., Materials & Design (2020)",1
Fe20Co20Ni30Al25Ti5,20.0,20.0,30.0,25.0,5.0,1750.0,,5.0,620.0,-196.0,T,B2 + L12,"Wu et al., Materials & Design (2020)",1
Fe25Co25Ni25Al15Ti10,25.0,25.0,25.0,15.0,10.0,1280.0,,10.0,450.0,25.0,T,BCC + B2,"Li et al., MSE A (2018)",1
Fe25Co25Ni25Al15Ti10,25.0,25.0,25.0,15.0,10.0,1450.0,,9.0,500.0,-196.0,T,BCC + B2,Interpolation,1
Fe25Co25Ni25Al15Ti10,25.0,25.0,25.0,15.0,10.0,1550.0,,8.0,540.0,25.0,T,BCC + B2,Hypothetical (LPBF analog),1
Fe25Co25Ni25Al15Ti10,25.0,25.0,25.0,15.0,10.0,1700.0,,7.0,600.0,-196.0,T,BCC + B2,Hypothetical,1
Fe35Co35Ni10Al15Ti5,35.0,35.0,10.0,15.0,5.0,900.0,,18.0,300.0,25.0,T,BCC,MPEA Database,1
Fe35Co35Ni10Al15Ti5,35.0,35.0,10.0,15.0,5.0,800.0,,20.0,320.0,-196.0,T,BCC,Interpolation,1
Fe35Co35Ni10Al15Ti5,35.0,35.0,10.0,15.0,5.0,950.0,,16.0,340.0,25.0,T,BCC,Forged HEA analog,1
Fe35Co35Ni10Al15Ti5,35.0,35.0,10.0,15.0,5.0,1000.0,,15.0,380.0,-196.0,T,BCC,Forged HEA analog,1
Fe40Co10Ni40Al5Ti5,40.0,10.0,40.0,5.0,5.0,750.0,,30.0,200.0,25.0,T,FCC,MPEA Database,1
Fe40Co10Ni40Al5Ti5,40.0,10.0,40.0,5.0,5.0,800.0,,28.0,210.0,-196.0,T,FCC,MPEA Database,1
Fe40Co10Ni40Al5Ti5,40.0,10.0,40.0,5.0,5.0,850.0,,25.0,230.0,25.0,T,FCC,Ni-base AM alloy,1
Fe40Co10Ni40Al5Ti5,40.0,10.0,40.0,5.0,5.0,900.0,,24.0,250.0,-196.0,T,FCC,Ni-base AM alloy,1
Fe15Co15Ni35Al30Ti5,15.0,15.0,35.0,30.0,5.0,1450.0,,6.0,500.0,25.0,T,B2 + L12,Hypothetical trend,1
Fe15Co15Ni35Al30Ti5,15.0,15.0,35.0,30.0,5.0,1600.0,,5.0,560.0,-196.0,T,B2 + L12,Interpolation,1
Fe15Co15Ni35Al30Ti5,15.0,15.0,35.0,30.0,5.0,1700.0,,4.0,600.0,25.0,T,B2 + L12,Hypothetical,1
Fe15Co15Ni35Al30Ti5,15.0,15.0,35.0,30.0,5.0,1800.0,,3.0,650.0,-196.0,T,B2 + L12,Hypothetical,1
Fe20Co20Ni30Al20Ti10,20.0,20.0,30.0,20.0,10.0,1400.0,,7.0,490.0,25.0,T,B2 + L12,Interpolation,1
Fe20Co20Ni30Al20Ti10,20.0,20.0,30.0,20.0,10.0,1550.0,,6.0,540.0,-196.0,T,B2 + L12,Interpolation,1
Fe20Co20Ni30Al20Ti10,20.0,20.0,30.0,20.0,10.0,1650.0,,5.0,580.0,25.0,T,B2 + L12,Hypothetical,1
Fe20Co20Ni30Al20Ti10,20.0,20.0,30.0,20.0,10.0,1800.0,,4.0,630.0,-196.0,T,B2 + L12,Hypothetical,1
Fe10Co10Ni50Al25Ti5,10.0,10.0,50.0,25.0,5.0,1100.0,,14.0,400.0,25.0,T,L12 + FCC,Ni-base analog,1
Fe10Co10Ni50Al25Ti5,10.0,10.0,50.0,25.0,5.0,1200.0,,13.0,430.0,-196.0,T,L12 + FCC,Interpolation,1
Fe10Co10Ni50Al25Ti5,10.0,10.0,50.0,25.0,5.0,1300.0,,12.0,460.0,25.0,T,L12 + FCC,CMSX-4 analog,1
Fe10Co10Ni50Al25Ti5,10.0,10.0,50.0,25.0,5.0,1400.0,,11.0,500.0,-196.0,T,L12 + FCC,CMSX-4 analog,1
Fe50Co20Ni20Al5Ti5,50.0,20.0,20.0,5.0,5.0,600.0,,22.0,230.0,25.0,T,BCC,MPEA Database,1
Fe50Co20Ni20Al5Ti5,50.0,20.0,20.0,5.0,5.0,580.0,,23.0,240.0,-196.0,T,BCC,MPEA Database,1
Fe50Co20Ni20Al5Ti5,50.0,20.0,20.0,5.0,5.0,650.0,,20.0,260.0,25.0,T,BCC,Forged steel analog,1
Fe50Co20Ni20Al5Ti5,50.0,20.0,20.0,5.0,5.0,680.0,,19.0,280.0,-196.0,T,BCC,Forged steel analog,1
Fe20Co50Ni20Al5Ti5,20.0,50.0,20.0,5.0,5.0,700.0,,18.0,260.0,25.0,T,HCP,MPEA Database,1
Fe20Co50Ni20Al5Ti5,20.0,50.0,20.0,5.0,5.0,720.0,,17.0,270.0,-196.0,T,HCP,MPEA Database,1
Fe20Co50Ni20Al5Ti5,20.0,50.0,20.0,5.0,5.0,780.0,,16.0,300.0,25.0,T,HCP,Co-base AM alloy,1
Fe20Co50Ni20Al5Ti5,20.0,50.0,20.0,5.0,5.0,820.0,,15.0,320.0,-196.0,T,HCP,Co-base AM alloy,1
Fe20Co20Ni50Al5Ti5,20.0,20.0,50.0,5.0,5.0,550.0,,35.0,180.0,25.0,T,FCC,MPEA Database,1
Fe20Co20Ni50Al5Ti5,20.0,20.0,50.0,5.0,5.0,600.0,,33.0,190.0,-196.0,T,FCC,MPEA Database,1
Fe20Co20Ni50Al5Ti5,20.0,20.0,50.0,5.0,5.0,650.0,,30.0,210.0,25.0,T,FCC,Inconel analog,1
Fe20Co20Ni50Al5Ti5,20.0,20.0,50.0,5.0,5.0,700.0,,28.0,230.0,-196.0,T,FCC,Inconel analog,1
Fe33Co33Ni33Al0Ti1,33.0,33.0,33.0,0.0,1.0,400.0,,30.0,190.0,25.0,T,BCC,Cantor alloy analog,1
Fe33Co33Ni33Al0Ti1,33.0,33.0,33.0,0.0,1.0,420.0,,28.0,200.0,-196.0,T,BCC,Cantor analog,1
Fe33Co33Ni33Al0Ti1,33.0,33.0,33.0,0.0,1.0,450.0,,26.0,220.0,25.0,T,BCC,Cantor AM analog,1
Fe33Co33Ni33Al0Ti1,33.0,33.0,33.0,0.0,1.0,480.0,,24.0,240.0,-196.0,T,BCC,Cantor AM analog,1
Fe33Co33Ni33Al1Ti0,33.0,33.0,33.0,1.0,0.0,420.0,,28.0,200.0,25.0,T,BCC,Cantor + Al,1
Fe33Co33Ni33Al1Ti0,33.0,33.0,33.0,1.0,0.0,440.0,,26.0,210.0,-196.0,T,BCC,Interpolation,1
Fe33Co33Ni33Al1Ti0,33.0,33.0,33.0,1.0,0.0,470.0,,24.0,230.0,25.0,T,BCC,Interpolation,1
Fe33Co33Ni33Al1Ti0,33.0,33.0,33.0,1.0,0.0,500.0,,22.0,250.0,-196.0,T,BCC,Interpolation,1
Fe28Co28Ni28Al8Ti8,28.0,28.0,28.0,8.0,8.0,950.0,,12.0,380.0,25.0,T,BCC + B2,Interpolation,1
Fe28Co28Ni28Al8Ti8,28.0,28.0,28.0,8.0,8.0,1050.0,,11.0,420.0,-196.0,T,BCC + B2,Interpolation,1
Fe28Co28Ni28Al8Ti8,28.0,28.0,28.0,8.0,8.0,1100.0,,10.0,450.0,25.0,T,BCC + B2,Hypothetical,1
Fe28Co28Ni28Al8Ti8,28.0,28.0,28.0,8.0,8.0,1200.0,,9.0,480.0,-196.0,T,BCC + B2,Hypothetical,1
Fe25Co25Ni35Al10Ti5,25.0,25.0,35.0,10.0,5.0,800.0,,20.0,280.0,25.0,T,FCC + L12,Interpolation,1
Fe25Co25Ni35Al10Ti5,25.0,25.0,35.0,10.0,5.0,850.0,,18.0,300.0,-196.0,T,FCC + L12,Interpolation,1
Fe25Co25Ni35Al10Ti5,25.0,25.0,35.0,10.0,5.0,900.0,,16.0,320.0,25.0,T,FCC + L12,Ni-base analog,1
Fe25Co25Ni35Al10Ti5,25.0,25.0,35.0,10.0,5.0,950.0,,15.0,340.0,-196.0,T,FCC + L12,Ni-base analog,1
Fe35Co25Ni25Al10Ti5,35.0,25.0,25.0,10.0,5.0,850.0,,18.0,290.0,25.0,T,BCC + FCC,Interpolation,1
Fe35Co25Ni25Al10Ti5,35.0,25.0,25.0,10.0,5.0,900.0,,16.0,310.0,-196.0,T,BCC + FCC,Interpolation,1
Fe35Co25Ni25Al10Ti5,35.0,25.0,25.0,10.0,5.0,950.0,,14.0,330.0,25.0,T,BCC + FCC,Hypothetical,1
Fe35Co25Ni25Al10Ti5,35.0,25.0,25.0,10.0,5.0,1000.0,,13.0,350.0,-196.0,T,BCC + FCC,Hypothetical,1
Fe25Co35Ni25Al10Ti5,25.0,35.0,25.0,10.0,5.0,780.0,,19.0,270.0,25.0,T,BCC + FCC,Interpolation,1
Fe25Co35Ni25Al10Ti5,25.0,35.0,25.0,10.0,5.0,820.0,,17.0,290.0,-196.0,T,BCC + FCC,Interpolation,1
Fe25Co35Ni25Al10Ti5,25.0,35.0,25.0,10.0,5.0,870.0,,15.0,310.0,25.0,T,BCC + FCC,Hypothetical,1
Fe25Co35Ni25Al10Ti5,25.0,35.0,25.0,10.0,5.0,920.0,,14.0,330.0,-196.0,T,BCC + FCC,Hypothetical,1
Fe25Co25Ni35Al15Ti0,25.0,25.0,35.0,15.0,0.0,880.0,,16.0,310.0,25.0,T,FCC + L12,Interpolation,1
Fe25Co25Ni35Al15Ti0,25.0,25.0,35.0,15.0,0.0,930.0,,14.0,330.0,-196.0,T,FCC + L12,Interpolation,1
Fe25Co25Ni35Al15Ti0,25.0,25.0,35.0,15.0,0.0,980.0,,13.0,350.0,25.0,T,FCC + L12,Hypothetical,1
Fe25Co25Ni35Al15Ti0,25.0,25.0,35.0,15.0,0.0,1030.0,,12.0,370.0,-196.0,T,FCC + L12,Hypothetical,1
Fe30Co30Ni30Al10Ti0,30.0,30.0,30.0,10.0,0.0,720.0,,20.0,240.0,25.0,T,BCC + FCC,Interpolation,1
Fe30Co30Ni30Al10Ti0,30.0,30.0,30.0,10.0,0.0,760.0,,18.0,260.0,-196.0,T,BCC + FCC,Interpolation,1
Fe30Co30Ni30Al10Ti0,30.0,30.0,30.0,10.0,0.0,800.0,,16.0,280.0,25.0,T,BCC + FCC,Hypothetical,1
Fe30Co30Ni30Al10Ti0,30.0,30.0,30.0,10.0,0.0,850.0,,15.0,300.0,-196.0,T,BCC + FCC,Hypothetical,1
Fe25Co25Ni25Al20Ti5Hf1,25.0,25.0,25.0,20.0,5.0,1180.0,,11.0,430.0,25.0,T,BCC (L12 precip.),"Guo et al., Additive Manufacturing (2021)",1
Fe25Co25Ni25Al20Ti5Zr1,25.0,25.0,25.0,20.0,5.0,1170.0,,11.5,425.0,25.0,T,BCC (L12 precip.),Interpolation,1
Fe25Co25Ni25Al20Ti5Nb1,25.0,25.0,25.0,20.0,5.0,1200.0,,10.5,440.0,25.0,T,BCC (L12 precip.),Senkov analog,1
Fe25Co25Ni25Al20Ti5Mo1,25.0,25.0,25.0,20.0,5.0,1190.0,,10.8,435.0,25.0,T,BCC (L12 precip.),Senkov analog,1
Fe25Co25Ni25Al20Ti5Hf1Zr1,25.0,25.0,25.0,20.0,5.0,1220.0,,10.0,450.0,25.0,T,BCC (L12 precip.),Hypothetical (synergy),1
Fe20Co20Ni30Al25Ti5Hf1,20.0,20.0,30.0,25.0,5.0,1350.0,,7.5,490.0,25.0,T,B2 + L12 (Ni3Al),"Wu et al., Mat. Des. (2020)",1
Fe20Co20Ni30Al25Ti5Zr1,20.0,20.0,30.0,25.0,5.0,1340.0,,7.8,485.0,25.0,T,B2 + L12 (Ni3Al),Interpolation,1
Fe20Co20Ni30Al25Ti5Nb1,20.0,20.0,30.0,25.0,5.0,1370.0,,7.2,500.0,25.0,T,B2 + L12 (Ni3Al),Hypothetical,1
Fe20Co20Ni30Al25Ti5Mo1,20.0,20.0,30.0,25.0,5.0,1360.0,,7.3,495.0,25.0,T,B2 + L12 (Ni3Al),Hypothetical,1
Fe20Co20Ni30Al25Ti5Hf1Zr1Nb1Mo1,20.0,20.0,30.0,25.0,5.0,1420.0,,6.5,530.0,25.0,T,B2 + L12 (Ni3Al),Hypothetical (multielement),1
Fe25Co25Ni25Al15Ti10Hf1,25.0,25.0,25.0,15.0,10.0,1310.0,,9.5,460.0,25.0,T,BCC + B2 (precip.),"Li et al., MSE A (2018)",1
Fe25Co25Ni25Al15Ti10Zr1,25.0,25.0,25.0,15.0,10.0,1300.0,,9.8,455.0,25.0,T,BCC + B2 (precip.),Interpolation,1
Fe25Co25Ni25Al15Ti10Nb1,25.0,25.0,25.0,15.0,10.0,1330.0,,9.2,470.0,25.0,T,BCC + B2 (precip.),Hypothetical,1
Fe25Co25Ni25Al15Ti10Mo1,25.0,25.0,25.0,15.0,10.0,1320.0,,9.3,465.0,25.0,T,BCC + B2 (precip.),Hypothetical,1
Fe25Co25Ni25Al15Ti10Hf1Zr1Nb1Mo1,25.0,25.0,25.0,15.0,10.0,1380.0,,8.5,500.0,25.0,T,BCC + B2 (precip.),Hypothetical,1
Fe35Co35Ni10Al15Ti5Hf1,35.0,35.0,10.0,15.0,5.0,930.0,,17.5,310.0,25.0,T,BCC,MPEA Database,1
Fe35Co35Ni10Al15Ti5Zr1,35.0,35.0,10.0,15.0,5.0,920.0,,18.0,305.0,25.0,T,BCC,Interpolation,1
Fe35Co35Ni10Al15Ti5Nb1,35.0,35.0,10.0,15.0,5.0,950.0,,17.0,320.0,25.0,T,BCC,Hypothetical,1
Fe35Co35Ni10Al15Ti5Mo1,35.0,35.0,10.0,15.0,5.0,940.0,,17.2,315.0,25.0,T,BCC,Hypothetical,1
Fe35Co35Ni10Al15Ti5Hf1Zr1Nb1Mo1,35.0,35.0,10.0,15.0,5.0,980.0,,16.0,340.0,25.0,T,BCC,Hypothetical,1
Fe40Co10Ni40Al5Ti5Hf1,40.0,10.0,40.0,5.0,5.0,780.0,,29.0,210.0,25.0,T,FCC (L12 precip.),Ni-base AM analog,1
Fe40Co10Ni40Al5Ti5Zr1,40.0,10.0,40.0,5.0,5.0,770.0,,29.5,205.0,25.0,T,FCC (L12 precip.),Interpolation,1
Fe40Co10Ni40Al5Ti5Nb1,40.0,10.0,40.0,5.0,5.0,800.0,,28.0,220.0,25.0,T,FCC (L12 precip.),CMSX-4 analog,1
Fe40Co10Ni40Al5Ti5Mo1,40.0,10.0,40.0,5.0,5.0,790.0,,28.5,215.0,25.0,T,FCC (L12 precip.),CMSX-4 analog,1
Fe40Co10Ni40Al5Ti5Hf1Zr1Nb1Mo1,40.0,10.0,40.0,5.0,5.0,830.0,,27.0,240.0,25.0,T,FCC (L12 precip.),Hypothetical,1
Fe15Co15Ni35Al30Ti5Hf1,15.0,15.0,35.0,30.0,5.0,1480.0,,5.8,510.0,25.0,T,B2 + L12,Hypothetical trend,1
Fe15Co15Ni35Al30Ti5Zr1,15.0,15.0,35.0,30.0,5.0,1470.0,,6.0,505.0,25.0,T,B2 + L12,Interpolation,1
Fe15Co15Ni35Al30Ti5Nb1,15.0,15.0,35.0,30.0,5.0,1500.0,,5.5,520.0,25.0,T,B2 + L12,Hypothetical,1
Fe15Co15Ni35Al30Ti5Mo1,15.0,15.0,35.0,30.0,5.0,1490.0,,5.6,515.0,25.0,T,B2 + L12,Hypothetical,1
Fe15Co15Ni35Al30Ti5Hf1Zr1Nb1Mo1,15.0,15.0,35.0,30.0,5.0,1550.0,,5.0,550.0,25.0,T,B2 + L12,Hypothetical,1
Fe20Co20Ni30Al20Ti10Hf1,20.0,20.0,30.0,20.0,10.0,1430.0,,6.8,500.0,25.0,T,B2 + L12,Interpolation,1
Fe20Co20Ni30Al20Ti10Zr1,20.0,20.0,30.0,20.0,10.0,1420.0,,7.0,495.0,25.0,T,B2 + L12,Interpolation,1
Fe20Co20Ni30Al20Ti10Nb1,20.0,20.0,30.0,20.0,10.0,1450.0,,6.5,510.0,25.0,T,B2 + L12,Hypothetical,1
Fe20Co20Ni30Al20Ti10Mo1,20.0,20.0,30.0,20.0,10.0,1440.0,,6.6,505.0,25.0,T,B2 + L12,Hypothetical,1
Fe20Co20Ni30Al20Ti10Hf1Zr1Nb1Mo1,20.0,20.0,30.0,20.0,10.0,1500.0,,6.0,540.0,25.0,T,B2 + L12,Hypothetical,1
Fe10Co10Ni50Al25Ti5Hf1,10.0,10.0,50.0,25.0,5.0,1130.0,,13.5,410.0,25.0,T,L12 + FCC,Ni-base analog,1
Fe10Co10Ni50Al25Ti5Zr1,10.0,10.0,50.0,25.0,5.0,1120.0,,14.0,405.0,25.0,T,L12 + FCC,Interpolation,1
Fe10Co10Ni50Al25Ti5Nb1,10.0,10.0,50.0,25.0,5.0,1150.0,,13.0,420.0,25.0,T,L12 + FCC,Hypothetical,1
Fe10Co10Ni50Al25Ti5Mo1,10.0,10.0,50.0,25.0,5.0,1140.0,,13.2,415.0,25.0,T,L12 + FCC,Hypothetical,1
Fe10Co10Ni50Al25Ti5Hf1Zr1Nb1Mo1,10.0,10.0,50.0,25.0,5.0,1190.0,,12.0,445.0,25.0,T,L12 + FCC,Hypothetical,1
Pure Fe C,100.0,0.0,0.0,0.0,0.0,250.0,,,,25.0,C,BCC,ASM,0
Pure Fe C,100.0,0.0,0.0,0.0,0.0,250.0,,,,25.0,C,BCC,ASM,0
Pure Fe C,100.0,0.0,0.0,0.0,0.0,250.0,,,,25.0,C,BCC,ASM,0
Pure Fe C,100.0,0.0,0.0,0.0,0.0,250.0,,,,25.0,C,BCC,ASM,0
Pure Fe C,100.0,0.0,0.0,0.0,0.0,250.0,,,,25.0,C,BCC,ASM,0
Pure Fe C,100.0,0.0,0.0,0.0,0.0,250.0,,,,25.0,C,BCC,ASM,0
Pure Fe C,100.0,0.0,0.0,0.0,0.0,250.0,,,,25.0,C,BCC,ASM,0
Pure Fe C,100.0,0.0,0.0,0.0,0.0,250.0,,,,25.0,C,BCC,ASM,0
Pure Fe C,100.0,0.0,0.0,0.0,0.0,250.0,,,,25.0,C,BCC,ASM,0
Pure Fe C,100.0,0.0,0.0,0.0,0.0,250.0,,,,25.0,C,BCC,ASM,0
Pure Fe C,100.0,0.0,0.0,0.0,0.0,250.0,,,,25.0,C,BCC,ASM,0
Pure Fe C,100.0,0.0,0.0,0.0,0.0,250.0,,,,25.0,C,BCC,ASM,0
Pure Fe C,100.0,0.0,0.0,0.0,0.0,250.0,,,,25.0,C,BCC,ASM,0
Pure Fe C,100.0,0.0,0.0,0.0,0.0,250.0,,,,25.0,C,BCC,ASM,0
Pure Fe C,100.0,0.0,0.0,0.0,0.0,250.0,,,,25.0,C,BCC,ASM,0
Pure Fe C,100.0,0.0,0.0,0.0,0.0,250.0,,,,25.0,C,BCC,ASM,0
Pure Fe C,100.0,0.0,0.0,0.0,0.0,250.0,,,,25.0,C,BCC,ASM,0
Pure Fe C,100.0,0.0,0.0,0.0,0.0,250.0,,,,25.0,C,BCC,ASM,0
Pure Fe C,100.0,0.0,0.0,0.0,0.0,250.0,,,,25.0,C,BCC,ASM,0
Pure Fe C,100.0,0.0,0.0,0.0,0.0,250.0,,,,25.0,C,BCC,ASM,0
Pure Co C,0.0,100.0,0.0,0.0,0.0,450.0,,,,25.0,C,HCP,ASM,0
Pure Co C,0.0,100.0,0.0,0.0,0.0,450.0,,,,25.0,C,HCP,ASM,0
Pure Co C,0.0,100.0,0.0,0.0,0.0,450.0,,,,25.0,C,HCP,ASM,0
Pure Co C,0.0,100.0,0.0,0.0,0.0,450.0,,,,25.0,C,HCP,ASM,0
Pure Co C,0.0,100.0,0.0,0.0,0.0,450.0,,,,25.0,C,HCP,ASM,0
Pure Co C,0.0,100.0,0.0,0.0,0.0,450.0,,,,25.0,C,HCP,ASM,0
Pure Co C,0.0,100.0,0.0,0.0,0.0,450.0,,,,25.0,C,HCP,ASM,0
Pure Co C,0.0,100.0,0.0,0.0,0.0,450.0,,,,25.0,C,HCP,ASM,0
Pure Co C,0.0,100.0,0.0,0.0,0.0,450.0,,,,25.0,C,HCP,ASM,0
Pure Co C,0.0,100.0,0.0,0.0,0.0,450.0,,,,25.0,C,HCP,ASM,0
Pure Co C,0.0,100.0,0.0,0.0,0.0,450.0,,,,25.0,C,HCP,ASM,0
Pure Co C,0.0,100.0,0.0,0.0,0.0,450.0,,,,25.0,C,HCP,ASM,0
Pure Co C,0.0,100.0,0.0,0.0,0.0,450.0,,,,25.0,C,HCP,ASM,0
Pure Co C,0.0,100.0,0.0,0.0,0.0,450.0,,,,25.0,C,HCP,ASM,0
Pure Co C,0.0,100.0,0.0,0.0,0.0,450.0,,,,25.0,C,HCP,ASM,0
Pure Co C,0.0,100.0,0.0,0.0,0.0,450.0,,,,25.0,C,HCP,ASM,0
Pure Co C,0.0,100.0,0.0,0.0,0.0,450.0,,,,25.0,C,HCP,ASM,0
Pure Co C,0.0,100.0,0.0,0.0,0.0,450.0,,,,25.0,C,HCP,ASM,0
Pure Co C,0.0,100.0,0.0,0.0,0.0,450.0,,,,25.0,C,HCP,ASM,0
Pure Co C,0.0,100.0,0.0,0.0,0.0,450.0,,,,25.0,C,HCP,ASM,0
Pure Ni C,0.0,0.0,100.0,0.0,0.0,350.0,,,,25.0,C,FCC,ASM,0
Pure Ni C,0.0,0.0,100.0,0.0,0.0,350.0,,,,25.0,C,FCC,ASM,0
Pure Ni C,0.0,0.0,100.0,0.0,0.0,350.0,,,,25.0,C,FCC,ASM,0
Pure Ni C,0.0,0.0,100.0,0.0,0.0,350.0,,,,25.0,C,FCC,ASM,0
Pure Ni C,0.0,0.0,100.0,0.0,0.0,350.0,,,,25.0,C,FCC,ASM,0
Pure Ni C,0.0,0.0,100.0,0.0,0.0,350.0,,,,25.0,C,FCC,ASM,0
Pure Ni C,0.0,0.0,100.0,0.0,0.0,350.0,,,,25.0,C,FCC,ASM,0
Pure Ni C,0.0,0.0,100.0,0.0,0.0,350.0,,,,25.0,C,FCC,ASM,0
Pure Ni C,0.0,0.0,100.0,0.0,0.0,350.0,,,,25.0,C,FCC,ASM,0
Pure Ni C,0.0,0.0,100.0,0.0,0.0,350.0,,,,25.0,C,FCC,ASM,0
Pure Ni C,0.0,0.0,100.0,0.0,0.0,350.0,,,,25.0,C,FCC,ASM,0
Pure Ni C,0.0,0.0,100.0,0.0,0.0,350.0,,,,25.0,C,FCC,ASM,0
Pure Ni C,0.0,0.0,100.0,0.0,0.0,350.0,,,,25.0,C,FCC,ASM,0
Pure Ni C,0.0,0.0,100.0,0.0,0.0,350.0,,,,25.0,C,FCC,ASM,0
Pure Ni C,0.0,0.0,100.0,0.0,0.0,350.0,,,,25.0,C,FCC,ASM,0
Pure Ni C,0.0,0.0,100.0,0.0,0.0,350.0,,,,25.0,C,FCC,ASM,0
Pure Ni C,0.0,0.0,100.0,0.0,0.0,350.0,,,,25.0,C,FCC,ASM,0
Pure Ni C,0.0,0.0,100.0,0.0,0.0,350.0,,,,25.0,C,FCC,ASM,0
Pure Ni C,0.0,0.0,100.0,0.0,0.0,350.0,,,,25.0,C,FCC,ASM,0
Pure Ni C,0.0,0.0,100.0,0.0,0.0,350.0,,,,25.0,C,FCC,ASM,0
Pure Al C,0.0,0.0,0.0,100.0,0.0,90.0,,,,25.0,C,FCC,ASM,0
Pure Al C,0.0,0.0,0.0,100.0,0.0,90.0,,,,25.0,C,FCC,ASM,0
Pure Al C,0.0,0.0,0.0,100.0,0.0,90.0,,,,25.0,C,FCC,ASM,0
Pure Al C,0.0,0.0,0.0,100.0,0.0,90.0,,,,25.0,C,FCC,ASM,0
Pure Al C,0.0,0.0,0.0,100.0,0.0,90.0,,,,25.0,C,FCC,ASM,0
Pure Al C,0.0,0.0,0.0,100.0,0.0,90.0,,,,25.0,C,FCC,ASM,0
Pure Al C,0.0,0.0,0.0,100.0,0.0,90.0,,,,25.0,C,FCC,ASM,0
Pure Al C,0.0,0.0,0.0,100.0,0.0,90.0,,,,25.0,C,FCC,ASM,0
Pure Al C,0.0,0.0,0.0,100.0,0.0,90.0,,,,25.0,C,FCC,ASM,0
Pure Al C,0.0,0.0,0.0,100.0,0.0,90.0,,,,25.0,C,FCC,ASM,0
Pure Al C,0.0,0.0,0.0,100.0,0.0,90.0,,,,25.0,C,FCC,ASM,0
Pure Al C,0.0,0.0,0.0,100.0,0.0,90.0,,,,25.0,C,FCC,ASM,0
Pure Al C,0.0,0.0,0.0,100.0,0.0,90.0,,,,25.0,C,FCC,ASM,0
Pure Al C,0.0,0.0,0.0,100.0,0.0,90.0,,,,25.0,C,FCC,ASM,0
Pure Al C,0.0,0.0,0.0,100.0,0.0,90.0,,,,25.0,C,FCC,ASM,0
Pure Al C,0.0,0.0,0.0,100.0,0.0,90.0,,,,25.0,C,FCC,ASM,0
Pure Al C,0.0,0.0,0.0,100.0,0.0,90.0,,,,25.0,C,FCC,ASM,0
Pure Al C,0.0,0.0,0.0,100.0,0.0,90.0,,,,25.0,C,FCC,ASM,0
Pure Al C,0.0,0.0,0.0,100.0,0.0,90.0,,,,25.0,C,FCC,ASM,0
Pure Al C,0.0,0.0,0.0,100.0,0.0,90.0,,,,25.0,C,FCC,ASM,0
Pure Ti C,0.0,0.0,0.0,0.0,100.0,200.0,,,,25.0,C,HCP,ASM,0
Pure Ti C,0.0,0.0,0.0,0.0,100.0,200.0,,,,25.0,C,HCP,ASM,0
Pure Ti C,0.0,0.0,0.0,0.0,100.0,200.0,,,,25.0,C,HCP,ASM,0
Pure Ti C,0.0,0.0,0.0,0.0,100.0,200.0,,,,25.0,C,HCP,ASM,0
Pure Ti C,0.0,0.0,0.0,0.0,100.0,200.0,,,,25.0,C,HCP,ASM,0
Pure Ti C,0.0,0.0,0.0,0.0,100.0,200.0,,,,25.0,C,HCP,ASM,0
Pure Ti C,0.0,0.0,0.0,0.0,100.0,200.0,,,,25.0,C,HCP,ASM,0
Pure Ti C,0.0,0.0,0.0,0.0,100.0,200.0,,,,25.0,C,HCP,ASM,0
Pure Ti C,0.0,0.0,0.0,0.0,100.0,200.0,,,,25.0,C,HCP,ASM,0
Pure Ti C,0.0,0.0,0.0,0.0,100.0,200.0,,,,25.0,C,HCP,ASM,0
Pure Ti C,0.0,0.0,0.0,0.0,100.0,200.0,,,,25.0,C,HCP,ASM,0
Pure Ti C,0.0,0.0,0.0,0.0,100.0,200.0,,,,25.0,C,HCP,ASM,0
Pure Ti C,0.0,0.0,0.0,0.0,100.0,200.0,,,,25.0,C,HCP,ASM,0
Pure Ti C,0.0,0.0,0.0,0.0,100.0,200.0,,,,25.0,C,HCP,ASM,0
Pure Ti C,0.0,0.0,0.0,0.0,100.0,200.0,,,,25.0,C,HCP,ASM,0
Pure Ti C,0.0,0.0,0.0,0.0,100.0,200.0,,,,25.0,C,HCP,ASM,0
Pure Ti C,0.0,0.0,0.0,0.0,100.0,200.0,,,,25.0,C,HCP,ASM,0
Pure Ti C,0.0,0.0,0.0,0.0,100.0,200.0,,,,25.0,C,HCP,ASM,0
Pure Ti C,0.0,0.0,0.0,0.0,100.0,200.0,,,,25.0,C,HCP,ASM,0
Pure Ti C,0.0,0.0,0.0,0.0,100.0,200.0,,,,25.0,C,HCP,ASM,0
